CREATE DATABASE IF NOT EXISTS firma_bak;
USE firma_bak;

-- MariaDB dump 10.17  Distrib 10.4.11-MariaDB, for Linux (x86_64)
--
-- Host: localhost    Database: firma
-- ------------------------------------------------------
-- Server version	10.4.11-MariaDB

/*!40101 SET @OLD_CHARACTER_SET_CLIENT=@@CHARACTER_SET_CLIENT */;
/*!40101 SET @OLD_CHARACTER_SET_RESULTS=@@CHARACTER_SET_RESULTS */;
/*!40101 SET @OLD_COLLATION_CONNECTION=@@COLLATION_CONNECTION */;
/*!40101 SET NAMES utf8mb4 */;
/*!40103 SET @OLD_TIME_ZONE=@@TIME_ZONE */;
/*!40103 SET TIME_ZONE='+00:00' */;
/*!40014 SET @OLD_UNIQUE_CHECKS=@@UNIQUE_CHECKS, UNIQUE_CHECKS=0 */;
/*!40014 SET @OLD_FOREIGN_KEY_CHECKS=@@FOREIGN_KEY_CHECKS, FOREIGN_KEY_CHECKS=0 */;
/*!40101 SET @OLD_SQL_MODE=@@SQL_MODE, SQL_MODE='NO_AUTO_VALUE_ON_ZERO' */;
/*!40111 SET @OLD_SQL_NOTES=@@SQL_NOTES, SQL_NOTES=0 */;

--
-- Table structure for table `dzialy`
--

DROP TABLE IF EXISTS `dzialy`;
/*!40101 SET @saved_cs_client     = @@character_set_client */;
/*!40101 SET character_set_client = utf8 */;
CREATE TABLE `dzialy` (
  `IdDzialu` int(11) NOT NULL,
  `Dzial` varchar(15) DEFAULT NULL,
  PRIMARY KEY (`IdDzialu`)
) ENGINE=MyISAM DEFAULT CHARSET=utf8;
/*!40101 SET character_set_client = @saved_cs_client */;

--
-- Dumping data for table `dzialy`
--

LOCK TABLES `dzialy` WRITE;
/*!40000 ALTER TABLE `dzialy` DISABLE KEYS */;
INSERT INTO `dzialy` VALUES (1,'Marketing'),(2,'Magazyn'),(3,'Transport'),(4,'Księgowość'),(5,'Kontroling'),(6,'Planowanie'),(7,'Handlowy'),(8,'Informatyka');
/*!40000 ALTER TABLE `dzialy` ENABLE KEYS */;
UNLOCK TABLES;

--
-- Table structure for table `kategorie`
--

DROP TABLE IF EXISTS `kategorie`;
/*!40101 SET @saved_cs_client     = @@character_set_client */;
/*!40101 SET character_set_client = utf8 */;
CREATE TABLE `kategorie` (
  `IdKategori` varchar(5) NOT NULL,
  `Kategoria` varchar(50) NOT NULL,
  PRIMARY KEY (`IdKategori`)
) ENGINE=MyISAM DEFAULT CHARSET=utf8;
/*!40101 SET character_set_client = @saved_cs_client */;

--
-- Dumping data for table `kategorie`
--

LOCK TABLES `kategorie` WRITE;
/*!40000 ALTER TABLE `kategorie` DISABLE KEYS */;
INSERT INTO `kategorie` VALUES ('A','Audyt'),('CH','Akcja charytatywna'),('I','Integracja'),('IN','Inwentura'),('K','Komputer'),('M','Nowa Marka'),('N','Nabór'),('O','Oszczędności'),('P','Promocja'),('PR','Praktyki'),('R','Nowy Rynek'),('S','Sponsoring'),('T','Targi'),('W','Wystawa'),('WY','Wyprzedaż');
/*!40000 ALTER TABLE `kategorie` ENABLE KEYS */;
UNLOCK TABLES;

--
-- Table structure for table `nadgodziny`
--

DROP TABLE IF EXISTS `nadgodziny`;
/*!40101 SET @saved_cs_client     = @@character_set_client */;
/*!40101 SET character_set_client = utf8 */;
CREATE TABLE `nadgodziny` (
  `IdPracownika` int(11) NOT NULL,
  `Rok` int(11) NOT NULL,
  `Miesiac` int(11) NOT NULL,
  `Ilosc` int(11) DEFAULT NULL,
  PRIMARY KEY (`IdPracownika`,`Rok`,`Miesiac`)
) ENGINE=MyISAM DEFAULT CHARSET=utf8;
/*!40101 SET character_set_client = @saved_cs_client */;

--
-- Dumping data for table `nadgodziny`
--

LOCK TABLES `nadgodziny` WRITE;
/*!40000 ALTER TABLE `nadgodziny` DISABLE KEYS */;
INSERT INTO `nadgodziny` VALUES (1,2015,1,10),(1,2015,2,25),(1,2015,3,4),(1,2015,4,37),(1,2015,5,26),(1,2015,6,44),(1,2015,7,5),(1,2015,8,46),(1,2015,9,23),(1,2015,10,5),(1,2015,11,23),(1,2015,12,13),(3,2015,1,31),(3,2015,2,36),(3,2015,3,9),(3,2015,4,20),(3,2015,5,7),(3,2015,6,38),(3,2015,7,15),(3,2015,8,42),(3,2015,9,37),(3,2015,10,49),(3,2015,11,44),(3,2015,12,39),(4,2015,1,25),(4,2015,2,30),(4,2015,3,31),(4,2015,4,28),(4,2015,5,33),(4,2015,6,41),(4,2015,7,49),(4,2015,8,20),(4,2015,9,37),(4,2015,10,6),(4,2015,11,35),(4,2015,12,19),(5,2015,1,5),(5,2015,2,11),(5,2015,3,39),(5,2015,4,14),(5,2015,5,12),(5,2015,6,26),(5,2015,7,33),(5,2015,8,15),(5,2015,9,26),(5,2015,10,10),(5,2015,11,31),(5,2015,12,41),(7,2015,1,28),(7,2015,2,35),(7,2015,3,16),(7,2015,4,16),(7,2015,5,20),(7,2015,6,34),(7,2015,7,20),(7,2015,8,19),(7,2015,9,41),(7,2015,10,28),(7,2015,11,18),(7,2015,12,15),(8,2015,1,48),(8,2015,2,3),(8,2015,3,23),(8,2015,4,31),(8,2015,5,35),(8,2015,6,45),(8,2015,7,21),(8,2015,8,29),(8,2015,9,43),(8,2015,10,29),(8,2015,11,20),(8,2015,12,0),(9,2015,1,2),(9,2015,2,39),(9,2015,3,45),(9,2015,4,15),(9,2015,5,20),(9,2015,6,3),(9,2015,7,15),(9,2015,8,7),(9,2015,9,18),(9,2015,10,3),(9,2015,11,45),(9,2015,12,45),(10,2015,1,19),(10,2015,2,1),(10,2015,3,36),(10,2015,4,18),(10,2015,5,21),(10,2015,6,23),(10,2015,7,33),(10,2015,8,35),(10,2015,9,28),(10,2015,10,37),(10,2015,11,47),(10,2015,12,38),(11,2015,1,1),(11,2015,2,43),(11,2015,3,26),(11,2015,4,46),(11,2015,5,42),(11,2015,6,30),(11,2015,7,20),(11,2015,8,1),(11,2015,9,46),(11,2015,10,43),(11,2015,11,34),(11,2015,12,33),(12,2015,1,8),(12,2015,2,33),(12,2015,3,37),(12,2015,4,23),(12,2015,5,14),(12,2015,6,31),(12,2015,7,42),(12,2015,8,29),(12,2015,9,40),(12,2015,10,2),(12,2015,11,27),(12,2015,12,34),(13,2015,1,7),(13,2015,2,17),(13,2015,3,25),(13,2015,4,31),(13,2015,5,39),(13,2015,6,18),(13,2015,7,32),(13,2015,8,39),(13,2015,9,43),(13,2015,10,43),(13,2015,11,26),(13,2015,12,20),(17,2015,1,44),(17,2015,2,48),(17,2015,3,13),(17,2015,4,12),(17,2015,5,20),(17,2015,6,6),(17,2015,7,28),(17,2015,8,15),(17,2015,9,5),(17,2015,10,19),(17,2015,11,0),(17,2015,12,25),(18,2015,1,11),(18,2015,2,39),(18,2015,3,0),(18,2015,4,46),(18,2015,5,35),(18,2015,6,26),(18,2015,7,1),(18,2015,8,30),(18,2015,9,21),(18,2015,10,32),(18,2015,11,26),(18,2015,12,6),(19,2015,1,39),(19,2015,2,47),(19,2015,3,28),(19,2015,4,47),(19,2015,5,25),(19,2015,6,16),(19,2015,7,26),(19,2015,8,34),(19,2015,9,8),(19,2015,10,29),(19,2015,11,48),(19,2015,12,33),(20,2015,1,16),(20,2015,2,3),(20,2015,3,9),(20,2015,4,13),(20,2015,5,34),(20,2015,6,1),(20,2015,7,47),(20,2015,8,10),(20,2015,9,36),(20,2015,10,24),(20,2015,11,24),(20,2015,12,5),(21,2015,1,27),(21,2015,2,22),(21,2015,3,14),(21,2015,4,31),(21,2015,5,42),(21,2015,6,44),(21,2015,7,30),(21,2015,8,17),(21,2015,9,14),(21,2015,10,10),(21,2015,11,11),(21,2015,12,39),(22,2015,1,32),(22,2015,2,30),(22,2015,3,3),(22,2015,4,21),(22,2015,5,26),(22,2015,6,46),(22,2015,7,14),(22,2015,8,11),(22,2015,9,47),(22,2015,10,29),(22,2015,11,20),(22,2015,12,37),(23,2015,1,3),(23,2015,2,34),(23,2015,3,18),(23,2015,4,30),(23,2015,5,26),(23,2015,6,8),(23,2015,7,49),(23,2015,8,12),(23,2015,9,31),(23,2015,10,39),(23,2015,11,31),(23,2015,12,4),(27,2015,1,13),(27,2015,2,12),(27,2015,3,29),(27,2015,4,2),(27,2015,5,44),(27,2015,6,10),(27,2015,7,7),(27,2015,8,14),(27,2015,9,37),(27,2015,10,12),(27,2015,11,21),(27,2015,12,34),(28,2015,1,45),(28,2015,2,36),(28,2015,3,49),(28,2015,4,39),(28,2015,5,38),(28,2015,6,37),(28,2015,7,25),(28,2015,8,33),(28,2015,9,22),(28,2015,10,32),(28,2015,11,16),(28,2015,12,29),(29,2015,1,23),(29,2015,2,8),(29,2015,3,20),(29,2015,4,8),(29,2015,5,25),(29,2015,6,17),(29,2015,7,43),(29,2015,8,12),(29,2015,9,6),(29,2015,10,17),(29,2015,11,40),(29,2015,12,22),(30,2015,1,37),(30,2015,2,24),(30,2015,3,4),(30,2015,4,40),(30,2015,5,16),(30,2015,6,38),(30,2015,7,32),(30,2015,8,49),(30,2015,9,46),(30,2015,10,36),(30,2015,11,47),(30,2015,12,40),(32,2015,1,31),(32,2015,2,21),(32,2015,3,15),(32,2015,4,40),(32,2015,5,41),(32,2015,6,6),(32,2015,7,13),(32,2015,8,39),(32,2015,9,28),(32,2015,10,36),(32,2015,11,27),(32,2015,12,2),(33,2015,1,29),(33,2015,2,39),(33,2015,3,26),(33,2015,4,17),(33,2015,5,0),(33,2015,6,49),(33,2015,7,20),(33,2015,8,49),(33,2015,9,6),(33,2015,10,25),(33,2015,11,30),(33,2015,12,39),(34,2015,1,13),(34,2015,2,50),(34,2015,3,29),(34,2015,4,19),(34,2015,5,1),(34,2015,6,10),(34,2015,7,31),(34,2015,8,36),(34,2015,9,1),(34,2015,10,44),(34,2015,11,20),(34,2015,12,29),(35,2015,1,10),(35,2015,2,23),(35,2015,3,26),(35,2015,4,32),(35,2015,5,22),(35,2015,6,11),(35,2015,7,40),(35,2015,8,36),(35,2015,9,38),(35,2015,10,27),(35,2015,11,44),(35,2015,12,11),(36,2015,1,26),(36,2015,2,17),(36,2015,3,31),(36,2015,4,46),(36,2015,5,40),(36,2015,6,21),(36,2015,7,37),(36,2015,8,33),(36,2015,9,49),(36,2015,10,11),(36,2015,11,21),(36,2015,12,26),(37,2015,1,36),(37,2015,2,48),(37,2015,3,36),(37,2015,4,6),(37,2015,5,32),(37,2015,6,23),(37,2015,7,15),(37,2015,8,21),(37,2015,9,48),(37,2015,10,28),(37,2015,11,23),(37,2015,12,34),(38,2015,1,18),(38,2015,2,4),(38,2015,3,29),(38,2015,4,3),(38,2015,5,45),(38,2015,6,26),(38,2015,7,39),(38,2015,8,14),(38,2015,9,13),(38,2015,10,11),(38,2015,11,35),(38,2015,12,29),(39,2015,1,8),(39,2015,2,38),(39,2015,3,0),(39,2015,4,24),(39,2015,5,8),(39,2015,6,27),(39,2015,7,50),(39,2015,8,39),(39,2015,9,17),(39,2015,10,5),(39,2015,11,42),(39,2015,12,3),(40,2015,1,26),(40,2015,2,46),(40,2015,3,25),(40,2015,4,22),(40,2015,5,38),(40,2015,6,21),(40,2015,7,33),(40,2015,8,25),(40,2015,9,3),(40,2015,10,35),(40,2015,11,0),(40,2015,12,42),(42,2015,1,6),(42,2015,2,47),(42,2015,3,25),(42,2015,4,48),(42,2015,5,7),(42,2015,6,36),(42,2015,7,35),(42,2015,8,27),(42,2015,9,21),(42,2015,10,24),(42,2015,11,41),(42,2015,12,32),(45,2015,1,20),(45,2015,2,34),(45,2015,3,0),(45,2015,4,5),(45,2015,5,45),(45,2015,6,29),(45,2015,7,18),(45,2015,8,27),(45,2015,9,24),(45,2015,10,1),(45,2015,11,39),(45,2015,12,50),(46,2015,1,12),(46,2015,2,34),(46,2015,3,34),(46,2015,4,34),(46,2015,5,1),(46,2015,6,38),(46,2015,7,33),(46,2015,8,25),(46,2015,9,35),(46,2015,10,20),(46,2015,11,38),(46,2015,12,42),(49,2015,1,45),(49,2015,2,8),(49,2015,3,37),(49,2015,4,29),(49,2015,5,28),(49,2015,6,14),(49,2015,7,33),(49,2015,8,25),(49,2015,9,30),(49,2015,10,37),(49,2015,11,9),(49,2015,12,11),(50,2015,1,28),(50,2015,2,31),(50,2015,3,45),(50,2015,4,11),(50,2015,5,18),(50,2015,6,47),(50,2015,7,16),(50,2015,8,8),(50,2015,9,26),(50,2015,10,44),(50,2015,11,39),(50,2015,12,49),(51,2015,1,13),(51,2015,2,10),(51,2015,3,4),(51,2015,4,26),(51,2015,5,39),(51,2015,6,17),(51,2015,7,14),(51,2015,8,5),(51,2015,9,48),(51,2015,10,14),(51,2015,11,40),(51,2015,12,28),(53,2015,1,45),(53,2015,2,41),(53,2015,3,45),(53,2015,4,24),(53,2015,5,1),(53,2015,6,27),(53,2015,7,39),(53,2015,8,33),(53,2015,9,30),(53,2015,10,30),(53,2015,11,45),(53,2015,12,23),(54,2015,1,25),(54,2015,2,26),(54,2015,3,12),(54,2015,4,21),(54,2015,5,36),(54,2015,6,36),(54,2015,7,2),(54,2015,8,23),(54,2015,9,48),(54,2015,10,12),(54,2015,11,23),(54,2015,12,21),(55,2015,1,7),(55,2015,2,15),(55,2015,3,21),(55,2015,4,29),(55,2015,5,20),(55,2015,6,9),(55,2015,7,45),(55,2015,8,50),(55,2015,9,27),(55,2015,10,19),(55,2015,11,3),(55,2015,12,16),(56,2015,1,50),(56,2015,2,43),(56,2015,3,25),(56,2015,4,30),(56,2015,5,33),(56,2015,6,36),(56,2015,7,40),(56,2015,8,3),(56,2015,9,24),(56,2015,10,47),(56,2015,11,49),(56,2015,12,44),(57,2015,1,27),(57,2015,2,2),(57,2015,3,35),(57,2015,4,43),(57,2015,5,28),(57,2015,6,19),(57,2015,7,29),(57,2015,8,4),(57,2015,9,31),(57,2015,10,20),(57,2015,11,34),(57,2015,12,23),(58,2015,1,47),(58,2015,2,43),(58,2015,3,25),(58,2015,4,34),(58,2015,5,49),(58,2015,6,13),(58,2015,7,27),(58,2015,8,19),(58,2015,9,2),(58,2015,10,21),(58,2015,11,33),(58,2015,12,43),(59,2015,1,40),(59,2015,2,5),(59,2015,3,38),(59,2015,4,44),(59,2015,5,10),(59,2015,6,17),(59,2015,7,5),(59,2015,8,28),(59,2015,9,28),(59,2015,10,16),(59,2015,11,22),(59,2015,12,26),(60,2015,1,3),(60,2015,2,4),(60,2015,3,15),(60,2015,4,34),(60,2015,5,21),(60,2015,6,15),(60,2015,7,33),(60,2015,8,27),(60,2015,9,32),(60,2015,10,3),(60,2015,11,35),(60,2015,12,22),(63,2015,1,11),(63,2015,2,5),(63,2015,3,3),(63,2015,4,42),(63,2015,5,37),(63,2015,6,44),(63,2015,7,4),(63,2015,8,37),(63,2015,9,32),(63,2015,10,39),(63,2015,11,3),(63,2015,12,44),(64,2015,1,23),(64,2015,2,30),(64,2015,3,19),(64,2015,4,41),(64,2015,5,40),(64,2015,6,33),(64,2015,7,34),(64,2015,8,18),(64,2015,9,1),(64,2015,10,16),(64,2015,11,22),(64,2015,12,14),(69,2015,1,8),(69,2015,2,21),(69,2015,3,37),(69,2015,4,26),(69,2015,5,6),(69,2015,6,31),(69,2015,7,34),(69,2015,8,14),(69,2015,9,16),(69,2015,10,14),(69,2015,11,3),(69,2015,12,29),(70,2015,1,30),(70,2015,2,12),(70,2015,3,28),(70,2015,4,32),(70,2015,5,46),(70,2015,6,14),(70,2015,7,45),(70,2015,8,12),(70,2015,9,29),(70,2015,10,3),(70,2015,11,40),(70,2015,12,15),(71,2015,1,16),(71,2015,2,48),(71,2015,3,4),(71,2015,4,23),(71,2015,5,5),(71,2015,6,11),(71,2015,7,46),(71,2015,8,41),(71,2015,9,15),(71,2015,10,7),(71,2015,11,25),(71,2015,12,16),(72,2015,1,3),(72,2015,2,3),(72,2015,3,41),(72,2015,4,42),(72,2015,5,46),(72,2015,6,6),(72,2015,7,35),(72,2015,8,13),(72,2015,9,33),(72,2015,10,10),(72,2015,11,50),(72,2015,12,15),(76,2015,1,44),(76,2015,2,43),(76,2015,3,50),(76,2015,4,43),(76,2015,5,25),(76,2015,6,42),(76,2015,7,2),(76,2015,8,47),(76,2015,9,22),(76,2015,10,30),(76,2015,11,25),(76,2015,12,20),(77,2015,1,22),(77,2015,2,19),(77,2015,3,28),(77,2015,4,34),(77,2015,5,40),(77,2015,6,26),(77,2015,7,8),(77,2015,8,48),(77,2015,9,13),(77,2015,10,48),(77,2015,11,32),(77,2015,12,32),(78,2015,1,17),(78,2015,2,47),(78,2015,3,30),(78,2015,4,4),(78,2015,5,29),(78,2015,6,45),(78,2015,7,12),(78,2015,8,17),(78,2015,9,9),(78,2015,10,23),(78,2015,11,33),(78,2015,12,26),(81,2015,1,22),(81,2015,2,23),(81,2015,3,14),(81,2015,4,1),(81,2015,5,13),(81,2015,6,11),(81,2015,7,19),(81,2015,8,4),(81,2015,9,15),(81,2015,10,31),(81,2015,11,46),(81,2015,12,22),(82,2015,1,20),(82,2015,2,42),(82,2015,3,6),(82,2015,4,45),(82,2015,5,34),(82,2015,6,4),(82,2015,7,9),(82,2015,8,7),(82,2015,9,16),(82,2015,10,11),(82,2015,11,9),(82,2015,12,47),(86,2015,1,4),(86,2015,2,20),(86,2015,3,29),(86,2015,4,13),(86,2015,5,40),(86,2015,6,3),(86,2015,7,10),(86,2015,8,42),(86,2015,9,26),(86,2015,10,25),(86,2015,11,43),(86,2015,12,9),(87,2015,1,11),(87,2015,2,26),(87,2015,3,35),(87,2015,4,14),(87,2015,5,8),(87,2015,6,22),(87,2015,7,50),(87,2015,8,13),(87,2015,9,46),(87,2015,10,18),(87,2015,11,10),(87,2015,12,32),(88,2015,1,48),(88,2015,2,47),(88,2015,3,27),(88,2015,4,13),(88,2015,5,34),(88,2015,6,7),(88,2015,7,49),(88,2015,8,29),(88,2015,9,14),(88,2015,10,3),(88,2015,11,46),(88,2015,12,46),(89,2015,1,3),(89,2015,2,20),(89,2015,3,0),(89,2015,4,17),(89,2015,5,2),(89,2015,6,26),(89,2015,7,18),(89,2015,8,48),(89,2015,9,36),(89,2015,10,25),(89,2015,11,6),(89,2015,12,41),(90,2015,1,44),(90,2015,2,19),(90,2015,3,33),(90,2015,4,15),(90,2015,5,20),(90,2015,6,28),(90,2015,7,44),(90,2015,8,33),(90,2015,9,28),(90,2015,10,45),(90,2015,11,4),(90,2015,12,19),(91,2015,1,22),(91,2015,2,22),(91,2015,3,18),(91,2015,4,24),(91,2015,5,29),(91,2015,6,34),(91,2015,7,50),(91,2015,8,38),(91,2015,9,7),(91,2015,10,50),(91,2015,11,25),(91,2015,12,9),(92,2015,1,24),(92,2015,2,43),(92,2015,3,12),(92,2015,4,46),(92,2015,5,19),(92,2015,6,2),(92,2015,7,44),(92,2015,8,7),(92,2015,9,31),(92,2015,10,28),(92,2015,11,39),(92,2015,12,28),(93,2015,1,22),(93,2015,2,23),(93,2015,3,4),(93,2015,4,34),(93,2015,5,17),(93,2015,6,47),(93,2015,7,39),(93,2015,8,7),(93,2015,9,17),(93,2015,10,38),(93,2015,11,17),(93,2015,12,45),(94,2015,1,24),(94,2015,2,13),(94,2015,3,7),(94,2015,4,10),(94,2015,5,13),(94,2015,6,7),(94,2015,7,47),(94,2015,8,1),(94,2015,9,22),(94,2015,10,20),(94,2015,11,31),(94,2015,12,9),(97,2015,1,18),(97,2015,2,2),(97,2015,3,43),(97,2015,4,38),(97,2015,5,16),(97,2015,6,38),(97,2015,7,12),(97,2015,8,26),(97,2015,9,34),(97,2015,10,50),(97,2015,11,7),(97,2015,12,29),(98,2015,1,25),(98,2015,2,25),(98,2015,3,0),(98,2015,4,9),(98,2015,5,48),(98,2015,6,45),(98,2015,7,31),(98,2015,8,20),(98,2015,9,12),(98,2015,10,3),(98,2015,11,15),(98,2015,12,28),(99,2015,1,19),(99,2015,2,11),(99,2015,3,4),(99,2015,4,39),(99,2015,5,24),(99,2015,6,25),(99,2015,7,5),(99,2015,8,31),(99,2015,9,41),(99,2015,10,15),(99,2015,11,34),(99,2015,12,5),(100,2015,1,17),(100,2015,2,24),(100,2015,3,15),(100,2015,4,4),(100,2015,5,4),(100,2015,6,29),(100,2015,7,44),(100,2015,8,45),(100,2015,9,34),(100,2015,10,20),(100,2015,11,13),(100,2015,12,47),(101,2015,1,6),(101,2015,2,29),(101,2015,3,48),(101,2015,4,18),(101,2015,5,2),(101,2015,6,8),(101,2015,7,4),(101,2015,8,37),(101,2015,9,41),(101,2015,10,5),(101,2015,11,24),(101,2015,12,18),(102,2015,1,25),(102,2015,2,37),(102,2015,3,10),(102,2015,4,35),(102,2015,5,2),(102,2015,6,36),(102,2015,7,11),(102,2015,8,32),(102,2015,9,3),(102,2015,10,6),(102,2015,11,2),(102,2015,12,29),(107,2015,1,47),(107,2015,2,45),(107,2015,3,45),(107,2015,4,1),(107,2015,5,10),(107,2015,6,23),(107,2015,7,5),(107,2015,8,38),(107,2015,9,39),(107,2015,10,5),(107,2015,11,35),(107,2015,12,21),(108,2015,1,14),(108,2015,2,20),(108,2015,3,37),(108,2015,4,25),(108,2015,5,49),(108,2015,6,10),(108,2015,7,30),(108,2015,8,16),(108,2015,9,33),(108,2015,10,3),(108,2015,11,39),(108,2015,12,33),(109,2015,1,2),(109,2015,2,3),(109,2015,3,2),(109,2015,4,7),(109,2015,5,46),(109,2015,6,29),(109,2015,7,14),(109,2015,8,2),(109,2015,9,40),(109,2015,10,39),(109,2015,11,17),(109,2015,12,4),(110,2015,1,13),(110,2015,2,22),(110,2015,3,32),(110,2015,4,15),(110,2015,5,36),(110,2015,6,26),(110,2015,7,38),(110,2015,8,7),(110,2015,9,18),(110,2015,10,23),(110,2015,11,27),(110,2015,12,45),(111,2015,1,38),(111,2015,2,36),(111,2015,3,4),(111,2015,4,30),(111,2015,5,22),(111,2015,6,46),(111,2015,7,33),(111,2015,8,27),(111,2015,9,27),(111,2015,10,45),(111,2015,11,16),(111,2015,12,23),(112,2015,1,13),(112,2015,2,1),(112,2015,3,8),(112,2015,4,5),(112,2015,5,11),(112,2015,6,33),(112,2015,7,25),(112,2015,8,16),(112,2015,9,8),(112,2015,10,32),(112,2015,11,10),(112,2015,12,11),(113,2015,1,28),(113,2015,2,17),(113,2015,3,37),(113,2015,4,11),(113,2015,5,9),(113,2015,6,1),(113,2015,7,5),(113,2015,8,22),(113,2015,9,9),(113,2015,10,26),(113,2015,11,1),(113,2015,12,44),(115,2015,1,23),(115,2015,2,18),(115,2015,3,45),(115,2015,4,17),(115,2015,5,14),(115,2015,6,14),(115,2015,7,47),(115,2015,8,8),(115,2015,9,10),(115,2015,10,30),(115,2015,11,21),(115,2015,12,38),(117,2015,1,43),(117,2015,2,27),(117,2015,3,21),(117,2015,4,5),(117,2015,5,24),(117,2015,6,45),(117,2015,7,16),(117,2015,8,25),(117,2015,9,27),(117,2015,10,11),(117,2015,11,6),(117,2015,12,19),(118,2015,1,11),(118,2015,2,13),(118,2015,3,42),(118,2015,4,24),(118,2015,5,44),(118,2015,6,30),(118,2015,7,6),(118,2015,8,34),(118,2015,9,14),(118,2015,10,7),(118,2015,11,26),(118,2015,12,4),(121,2015,1,19),(121,2015,2,5),(121,2015,3,27),(121,2015,4,12),(121,2015,5,4),(121,2015,6,39),(121,2015,7,2),(121,2015,8,30),(121,2015,9,12),(121,2015,10,47),(121,2015,11,5),(121,2015,12,26),(122,2015,1,0),(122,2015,2,21),(122,2015,3,41),(122,2015,4,15),(122,2015,5,50),(122,2015,6,6),(122,2015,7,45),(122,2015,8,38),(122,2015,9,21),(122,2015,10,40),(122,2015,11,7),(122,2015,12,7),(123,2015,1,20),(123,2015,2,9),(123,2015,3,5),(123,2015,4,48),(123,2015,5,2),(123,2015,6,21),(123,2015,7,42),(123,2015,8,46),(123,2015,9,3),(123,2015,10,28),(123,2015,11,8),(123,2015,12,47),(124,2015,1,21),(124,2015,2,2),(124,2015,3,14),(124,2015,4,0),(124,2015,5,33),(124,2015,6,12),(124,2015,7,11),(124,2015,8,29),(124,2015,9,47),(124,2015,10,27),(124,2015,11,43),(124,2015,12,25),(125,2015,1,7),(125,2015,2,46),(125,2015,3,48),(125,2015,4,40),(125,2015,5,18),(125,2015,6,31),(125,2015,7,39),(125,2015,8,45),(125,2015,9,17),(125,2015,10,11),(125,2015,11,38),(125,2015,12,37),(126,2015,1,29),(126,2015,2,29),(126,2015,3,19),(126,2015,4,23),(126,2015,5,29),(126,2015,6,43),(126,2015,7,12),(126,2015,8,42),(126,2015,9,30),(126,2015,10,3),(126,2015,11,17),(126,2015,12,25),(133,2015,1,17),(133,2015,2,45),(133,2015,3,47),(133,2015,4,32),(133,2015,5,31),(133,2015,6,22),(133,2015,7,43),(133,2015,8,26),(133,2015,9,24),(133,2015,10,39),(133,2015,11,33),(133,2015,12,48),(134,2015,1,44),(134,2015,2,13),(134,2015,3,41),(134,2015,4,4),(134,2015,5,23),(134,2015,6,1),(134,2015,7,23),(134,2015,8,44),(134,2015,9,11),(134,2015,10,1),(134,2015,11,50),(134,2015,12,25),(135,2015,1,15),(135,2015,2,50),(135,2015,3,46),(135,2015,4,49),(135,2015,5,15),(135,2015,6,19),(135,2015,7,8),(135,2015,8,21),(135,2015,9,10),(135,2015,10,28),(135,2015,11,2),(135,2015,12,0),(136,2015,1,27),(136,2015,2,8),(136,2015,3,41),(136,2015,4,38),(136,2015,5,40),(136,2015,6,39),(136,2015,7,34),(136,2015,8,42),(136,2015,9,6),(136,2015,10,44),(136,2015,11,3),(136,2015,12,32),(137,2015,1,24),(137,2015,2,15),(137,2015,3,12),(137,2015,4,7),(137,2015,5,48),(137,2015,6,40),(137,2015,7,27),(137,2015,8,9),(137,2015,9,8),(137,2015,10,32),(137,2015,11,31),(137,2015,12,26),(141,2015,1,18),(141,2015,2,42),(141,2015,3,15),(141,2015,4,38),(141,2015,5,15),(141,2015,6,11),(141,2015,7,29),(141,2015,8,12),(141,2015,9,7),(141,2015,10,33),(141,2015,11,3),(141,2015,12,44),(148,2015,1,45),(148,2015,2,28),(148,2015,3,21),(148,2015,4,26),(148,2015,5,43),(148,2015,6,8),(148,2015,7,0),(148,2015,8,38),(148,2015,9,0),(148,2015,10,45),(148,2015,11,22),(148,2015,12,7),(149,2015,1,10),(149,2015,2,37),(149,2015,3,45),(149,2015,4,18),(149,2015,5,38),(149,2015,6,11),(149,2015,7,31),(149,2015,8,15),(149,2015,9,5),(149,2015,10,15),(149,2015,11,44),(149,2015,12,26),(150,2015,1,19),(150,2015,2,30),(150,2015,3,5),(150,2015,4,1),(150,2015,5,45),(150,2015,6,11),(150,2015,7,13),(150,2015,8,43),(150,2015,9,18),(150,2015,10,39),(150,2015,11,13),(150,2015,12,28),(151,2015,1,26),(151,2015,2,1),(151,2015,3,21),(151,2015,4,35),(151,2015,5,4),(151,2015,6,4),(151,2015,7,41),(151,2015,8,9),(151,2015,9,8),(151,2015,10,29),(151,2015,11,17),(151,2015,12,26),(152,2015,1,46),(152,2015,2,25),(152,2015,3,18),(152,2015,4,24),(152,2015,5,45),(152,2015,6,3),(152,2015,7,48),(152,2015,8,8),(152,2015,9,11),(152,2015,10,45),(152,2015,11,32),(152,2015,12,37),(153,2015,1,6),(153,2015,2,28),(153,2015,3,14),(153,2015,4,16),(153,2015,5,40),(153,2015,6,48),(153,2015,7,28),(153,2015,8,40),(153,2015,9,30),(153,2015,10,49),(153,2015,11,39),(153,2015,12,2),(154,2015,1,4),(154,2015,2,7),(154,2015,3,44),(154,2015,4,34),(154,2015,5,1),(154,2015,6,2),(154,2015,7,2),(154,2015,8,31),(154,2015,9,16),(154,2015,10,11),(154,2015,11,48),(154,2015,12,41),(155,2015,1,40),(155,2015,2,36),(155,2015,3,29),(155,2015,4,39),(155,2015,5,24),(155,2015,6,21),(155,2015,7,1),(155,2015,8,26),(155,2015,9,42),(155,2015,10,34),(155,2015,11,42),(155,2015,12,44),(162,2015,1,33),(162,2015,2,48),(162,2015,3,38),(162,2015,4,18),(162,2015,5,5),(162,2015,6,42),(162,2015,7,2),(162,2015,8,47),(162,2015,9,29),(162,2015,10,15),(162,2015,11,36),(162,2015,12,32),(166,2015,1,30),(166,2015,2,48),(166,2015,3,20),(166,2015,4,37),(166,2015,5,28),(166,2015,6,15),(166,2015,7,34),(166,2015,8,37),(166,2015,9,35),(166,2015,10,13),(166,2015,11,24),(166,2015,12,6),(167,2015,1,17),(167,2015,2,20),(167,2015,3,3),(167,2015,4,48),(167,2015,5,27),(167,2015,6,39),(167,2015,7,18),(167,2015,8,25),(167,2015,9,46),(167,2015,10,22),(167,2015,11,31),(167,2015,12,32),(168,2015,1,33),(168,2015,2,37),(168,2015,3,11),(168,2015,4,9),(168,2015,5,8),(168,2015,6,13),(168,2015,7,31),(168,2015,8,8),(168,2015,9,1),(168,2015,10,37),(168,2015,11,25),(168,2015,12,33),(169,2015,1,24),(169,2015,2,31),(169,2015,3,19),(169,2015,4,20),(169,2015,5,6),(169,2015,6,34),(169,2015,7,44),(169,2015,8,32),(169,2015,9,49),(169,2015,10,11),(169,2015,11,44),(169,2015,12,31),(175,2015,1,28),(175,2015,2,29),(175,2015,3,30),(175,2015,4,29),(175,2015,5,35),(175,2015,6,22),(175,2015,7,22),(175,2015,8,13),(175,2015,9,12),(175,2015,10,6),(175,2015,11,14),(175,2015,12,0),(180,2015,1,21),(180,2015,2,44),(180,2015,3,41),(180,2015,4,21),(180,2015,5,35),(180,2015,6,14),(180,2015,7,40),(180,2015,8,5),(180,2015,9,34),(180,2015,10,8),(180,2015,11,41),(180,2015,12,44),(181,2015,1,2),(181,2015,2,46),(181,2015,3,48),(181,2015,4,18),(181,2015,5,48),(181,2015,6,5),(181,2015,7,39),(181,2015,8,8),(181,2015,9,1),(181,2015,10,20),(181,2015,11,19),(181,2015,12,4),(182,2015,1,41),(182,2015,2,7),(182,2015,3,23),(182,2015,4,4),(182,2015,5,7),(182,2015,6,44),(182,2015,7,1),(182,2015,8,17),(182,2015,9,26),(182,2015,10,44),(182,2015,11,46),(182,2015,12,20),(184,2015,1,46),(184,2015,2,29),(184,2015,3,9),(184,2015,4,12),(184,2015,5,16),(184,2015,6,1),(184,2015,7,36),(184,2015,8,33),(184,2015,9,18),(184,2015,10,7),(184,2015,11,37),(184,2015,12,38),(185,2015,1,9),(185,2015,2,47),(185,2015,3,48),(185,2015,4,17),(185,2015,5,48),(185,2015,6,44),(185,2015,7,13),(185,2015,8,30),(185,2015,9,11),(185,2015,10,43),(185,2015,11,1),(185,2015,12,5),(186,2015,1,13),(186,2015,2,3),(186,2015,3,23),(186,2015,4,17),(186,2015,5,9),(186,2015,6,2),(186,2015,7,40),(186,2015,8,21),(186,2015,9,20),(186,2015,10,3),(186,2015,11,13),(186,2015,12,40),(187,2015,1,48),(187,2015,2,34),(187,2015,3,11),(187,2015,4,33),(187,2015,5,36),(187,2015,6,43),(187,2015,7,26),(187,2015,8,3),(187,2015,9,30),(187,2015,10,49),(187,2015,11,50),(187,2015,12,47),(188,2015,1,18),(188,2015,2,47),(188,2015,3,18),(188,2015,4,44),(188,2015,5,1),(188,2015,6,46),(188,2015,7,41),(188,2015,8,16),(188,2015,9,33),(188,2015,10,2),(188,2015,11,29),(188,2015,12,31),(189,2015,1,9),(189,2015,2,31),(189,2015,3,44),(189,2015,4,35),(189,2015,5,31),(189,2015,6,27),(189,2015,7,28),(189,2015,8,35),(189,2015,9,20),(189,2015,10,25),(189,2015,11,11),(189,2015,12,36),(190,2015,1,20),(190,2015,2,26),(190,2015,3,32),(190,2015,4,21),(190,2015,5,44),(190,2015,6,16),(190,2015,7,4),(190,2015,8,7),(190,2015,9,37),(190,2015,10,19),(190,2015,11,16),(190,2015,12,9),(192,2015,1,26),(192,2015,2,29),(192,2015,3,29),(192,2015,4,46),(192,2015,5,40),(192,2015,6,35),(192,2015,7,36),(192,2015,8,4),(192,2015,9,49),(192,2015,10,14),(192,2015,11,32),(192,2015,12,1),(194,2015,1,12),(194,2015,2,14),(194,2015,3,20),(194,2015,4,33),(194,2015,5,27),(194,2015,6,4),(194,2015,7,26),(194,2015,8,37),(194,2015,9,26),(194,2015,10,32),(194,2015,11,18),(194,2015,12,3),(195,2015,1,44),(195,2015,2,34),(195,2015,3,10),(195,2015,4,7),(195,2015,5,43),(195,2015,6,20),(195,2015,7,1),(195,2015,8,35),(195,2015,9,43),(195,2015,10,7),(195,2015,11,42),(195,2015,12,33),(196,2015,1,7),(196,2015,2,1),(196,2015,3,11),(196,2015,4,7),(196,2015,5,10),(196,2015,6,28),(196,2015,7,6),(196,2015,8,5),(196,2015,9,33),(196,2015,10,24),(196,2015,11,8),(196,2015,12,20),(198,2015,1,37),(198,2015,2,14),(198,2015,3,23),(198,2015,4,27),(198,2015,5,15),(198,2015,6,23),(198,2015,7,5),(198,2015,8,43),(198,2015,9,24),(198,2015,10,4),(198,2015,11,28),(198,2015,12,3),(199,2015,1,34),(199,2015,2,41),(199,2015,3,46),(199,2015,4,36),(199,2015,5,10),(199,2015,6,15),(199,2015,7,48),(199,2015,8,11),(199,2015,9,41),(199,2015,10,32),(199,2015,11,17),(199,2015,12,48),(200,2015,1,1),(200,2015,2,50),(200,2015,3,4),(200,2015,4,18),(200,2015,5,45),(200,2015,6,3),(200,2015,7,15),(200,2015,8,23),(200,2015,9,15),(200,2015,10,16),(200,2015,11,48),(200,2015,12,33),(201,2015,1,45),(201,2015,2,29),(201,2015,3,11),(201,2015,4,42),(201,2015,5,38),(201,2015,6,38),(201,2015,7,32),(201,2015,8,11),(201,2015,9,8),(201,2015,10,11),(201,2015,11,14),(201,2015,12,36),(202,2015,1,33),(202,2015,2,32),(202,2015,3,4),(202,2015,4,18),(202,2015,5,29),(202,2015,6,11),(202,2015,7,9),(202,2015,8,7),(202,2015,9,41),(202,2015,10,9),(202,2015,11,42),(202,2015,12,13),(203,2015,1,27),(203,2015,2,37),(203,2015,3,15),(203,2015,4,20),(203,2015,5,44),(203,2015,6,16),(203,2015,7,45),(203,2015,8,34),(203,2015,9,45),(203,2015,10,6),(203,2015,11,40),(203,2015,12,6),(204,2015,1,11),(204,2015,2,19),(204,2015,3,43),(204,2015,4,49),(204,2015,5,23),(204,2015,6,29),(204,2015,7,34),(204,2015,8,44),(204,2015,9,30),(204,2015,10,6),(204,2015,11,22),(204,2015,12,42),(205,2015,1,13),(205,2015,2,12),(205,2015,3,47),(205,2015,4,5),(205,2015,5,24),(205,2015,6,11),(205,2015,7,19),(205,2015,8,47),(205,2015,9,48),(205,2015,10,7),(205,2015,11,35),(205,2015,12,39),(206,2015,1,32),(206,2015,2,10),(206,2015,3,36),(206,2015,4,23),(206,2015,5,38),(206,2015,6,8),(206,2015,7,6),(206,2015,8,21),(206,2015,9,39),(206,2015,10,31),(206,2015,11,43),(206,2015,12,7),(209,2015,1,48),(209,2015,2,9),(209,2015,3,41),(209,2015,4,3),(209,2015,5,12),(209,2015,6,18),(209,2015,7,19),(209,2015,8,40),(209,2015,9,9),(209,2015,10,33),(209,2015,11,34),(209,2015,12,18),(210,2015,1,12),(210,2015,2,12),(210,2015,3,11),(210,2015,4,16),(210,2015,5,48),(210,2015,6,21),(210,2015,7,18),(210,2015,8,15),(210,2015,9,2),(210,2015,10,6),(210,2015,11,36),(210,2015,12,32),(211,2015,1,49),(211,2015,2,31),(211,2015,3,22),(211,2015,4,4),(211,2015,5,15),(211,2015,6,47),(211,2015,7,12),(211,2015,8,14),(211,2015,9,21),(211,2015,10,27),(211,2015,11,6),(211,2015,12,38),(212,2015,1,43),(212,2015,2,17),(212,2015,3,32),(212,2015,4,24),(212,2015,5,16),(212,2015,6,29),(212,2015,7,11),(212,2015,8,33),(212,2015,9,12),(212,2015,10,11),(212,2015,11,5),(212,2015,12,15),(213,2015,1,5),(213,2015,2,29),(213,2015,3,10),(213,2015,4,16),(213,2015,5,16),(213,2015,6,39),(213,2015,7,21),(213,2015,8,1),(213,2015,9,2),(213,2015,10,2),(213,2015,11,21),(213,2015,12,5),(214,2015,1,41),(214,2015,2,22),(214,2015,3,24),(214,2015,4,14),(214,2015,5,31),(214,2015,6,28),(214,2015,7,47),(214,2015,8,7),(214,2015,9,29),(214,2015,10,32),(214,2015,11,47),(214,2015,12,49);
/*!40000 ALTER TABLE `nadgodziny` ENABLE KEYS */;
UNLOCK TABLES;

--
-- Table structure for table `oddzialy`
--

DROP TABLE IF EXISTS `oddzialy`;
/*!40101 SET @saved_cs_client     = @@character_set_client */;
/*!40101 SET character_set_client = utf8 */;
CREATE TABLE `oddzialy` (
  `IdOddzialu` varchar(3) NOT NULL,
  `Nazwaoddzialu` varchar(20) NOT NULL,
  PRIMARY KEY (`IdOddzialu`)
) ENGINE=MyISAM DEFAULT CHARSET=utf8;
/*!40101 SET character_set_client = @saved_cs_client */;

--
-- Dumping data for table `oddzialy`
--

LOCK TABLES `oddzialy` WRITE;
/*!40000 ALTER TABLE `oddzialy` DISABLE KEYS */;
INSERT INTO `oddzialy` VALUES ('G','Gdańsk'),('K','Kraków'),('O','Polska'),('P','Poznań'),('SZ','Szczecin'),('W','Warszawa'),('WR','Wrocław');
/*!40000 ALTER TABLE `oddzialy` ENABLE KEYS */;
UNLOCK TABLES;

--
-- Table structure for table `pracownicy`
--

DROP TABLE IF EXISTS `pracownicy`;
/*!40101 SET @saved_cs_client     = @@character_set_client */;
/*!40101 SET character_set_client = utf8 */;
CREATE TABLE `pracownicy` (
  `IdPracownika` int(11) NOT NULL,
  `Nazwisko` varchar(50) NOT NULL,
  `Imie` varchar(50) NOT NULL,
  `IdDzialu` int(11) DEFAULT NULL,
  `IdStanowiska` varchar(2) DEFAULT NULL,
  `IdOddzialu` varchar(50) DEFAULT NULL,
  `DataUrodzenia` datetime NOT NULL,
  `DataZatrudnienia` datetime NOT NULL,
  `Miejscowosc` varchar(50) NOT NULL,
  `Adres` varchar(50) NOT NULL,
  PRIMARY KEY (`IdPracownika`)
) ENGINE=MyISAM DEFAULT CHARSET=utf8;
/*!40101 SET character_set_client = @saved_cs_client */;

--
-- Dumping data for table `pracownicy`
--

LOCK TABLES `pracownicy` WRITE;
/*!40000 ALTER TABLE `pracownicy` DISABLE KEYS */;
INSERT INTO `pracownicy` VALUES (1,'Kowalski','Jan',1,'H ','P','1988-01-09 00:00:00','2009-02-01 00:00:00','Poznań','ul. Polna 11/4'),(2,'Ambroziak','Karolina',1,'D ','W','1996-11-02 00:00:00','2015-09-01 00:00:00','Warszawa','ul. Kurlandzka 2/4'),(3,'Karolak','Tadeusz',1,'I ','WR','1970-02-12 00:00:00','2010-12-11 00:00:00','Wrocław','ul. Głogowska 3/123'),(4,'Malinowska','Anna',1,'S ','G','1971-03-11 00:00:00','2010-10-01 00:00:00','Gdańsk','ul. Pamiatkowa 4'),(5,'Kaczmarek','Beata',1,'SP','K','1969-04-03 00:00:00','2010-05-01 00:00:00','Kraków','ul. Rózna 4/9'),(6,'Marciniak','Jolanta',1,'A ','SZ','1981-05-03 00:00:00','2014-06-01 00:00:00','Szczecin','ul. Garnozonowa 34'),(7,'Olechnowicz','Kazimierz',1,'KI','P','1990-05-04 00:00:00','2014-12-01 00:00:00','Tarnowo Podgórne','ul. Sowia 1'),(8,'Borkowski','Piotr',1,'KI','W','1982-05-11 00:00:00','2011-01-01 00:00:00','Warszawa','ul. Pusta 3'),(9,'Tomkowska','Alina',1,'KS','W','1983-06-11 00:00:00','2011-03-01 00:00:00','Warszawa','ul. Krzywa 3/78'),(10,'Siepka','Tomasz',1,'KS','WR','1976-06-11 00:00:00','2005-02-05 00:00:00','Wrocław','ul. Długa 4/6'),(11,'Walczak','Tomasz',1,'H ','K','1977-12-11 00:00:00','2011-02-09 00:00:00','Dobczyce','ul. Wielka 55c/7'),(12,'Opowicz','Katarzyna',1,'H ','G','1980-10-01 00:00:00','2003-08-01 00:00:00','Wejcherowo','ul. Katowicka 456/6'),(13,'Tomczak','Janusz',2,'M ','SZ','1981-12-10 00:00:00','2004-02-08 00:00:00','Nowogard','ul. Lutosławska 4'),(14,'Możdżer','Urszula',2,'D ','P','1982-09-11 00:00:00','2003-07-01 00:00:00','Szamotuły','ul. Szczecińska 5'),(15,'Meller','Bożena',2,'K ','W','1980-06-12 00:00:00','2004-03-01 00:00:00','Milanówek','ul. Św. Barbary 8b/1'),(16,'Kostkowska','Grażyna',2,'K ','WR','1983-09-01 00:00:00','2004-09-01 00:00:00','Wrocław','ul. Piastowska 4c'),(17,'Zalicka','Cecylia',2,'KS','SZ','1980-09-10 00:00:00','2003-07-11 00:00:00','Gryfino','ul. Kościuszkowców 4'),(18,'Matuszewski','Krzysztof',2,'KI','G','1978-07-09 00:00:00','1999-06-01 00:00:00','Gdynia','ul. Żydowska 3/5'),(19,'Rozmiarek','Filip',2,'M ','K','1970-07-02 00:00:00','2005-06-01 00:00:00','Myślenice','ul. Św. Józefa'),(20,'Lotka','Lech',2,'M ','P','1971-09-01 00:00:00','2005-05-01 00:00:00','Poznań','ul. 3-go Maja'),(21,'Gąbka','Bogusława',2,'M ','P','1972-04-02 00:00:00','2005-04-01 00:00:00','Poznań','ul. 28 czerwca 1956 7b/7'),(22,'Skorupka','Stefan',2,'M ','W','1973-03-11 00:00:00','2007-04-11 00:00:00','Warszawa','ul. Hetmańska 56/78'),(23,'Niepokański','Wojciech',2,'M ','W','1974-11-11 00:00:00','2010-04-01 00:00:00','Warszawa','ul. Grunwaldzka 3'),(24,'Samarzewska','Anna',2,'KS','WR','1975-10-12 00:00:00','2016-07-01 00:00:00','Opole','ul. Grochowska 45/7'),(25,'Rokita','Barbara',3,'KS','WR','1976-11-03 00:00:00','2016-07-01 00:00:00','Wałbrzych','ul. Marcelińska 4'),(26,'Boleśniak','Lucjan',3,'D ','SZ','1987-12-07 00:00:00','2013-07-01 00:00:00','Stargard Szcz.','ul. Ogrody 5c/67'),(27,'Urynski','Tomasz',3,'KI','SZ','1978-05-12 00:00:00','2014-01-01 00:00:00','Szczecin','ul. Małachowskiego 8'),(28,'Tomaszewski','Kazimierz',3,'KI','K','1979-08-10 00:00:00','2003-11-01 00:00:00','Kraków','ul. Warszawska 5'),(29,'Zalewski','Eugeniusz',3,'KI','K','1970-09-11 00:00:00','2002-02-10 00:00:00','Kraków','ul. Kalinowska 5c'),(30,'Lupa','Grzegorz',3,'KI','G','1948-07-02 00:00:00','2004-10-01 00:00:00','Gdańsk','ul. Fredry 6c/12'),(31,'Bucoń','Bartosz',3,'A ','G','1976-07-01 00:00:00','2003-12-01 00:00:00','Gdańsk','ul. A. Mickiewicza 3'),(32,'Stańsko','Mariusz',3,'KI','P','1970-07-12 00:00:00','2003-12-01 00:00:00','Murowana Goślina','ul. J. Słowackiego 4'),(33,'Garbarek','Janina',3,'S ','P','1972-01-10 00:00:00','2008-01-01 00:00:00','Wronki','ul. J. Kochanowskiego 8/8'),(34,'Dudziak','Michał',3,'KI','P','1972-01-08 00:00:00','2008-01-01 00:00:00','Poznań','ul. Krótka 3'),(35,'Urbaniak','Marcin',3,'KI','W','1972-01-07 00:00:00','2009-01-10 00:00:00','Warszawa','ul. Krzywa 4/1'),(36,'Kaszowski','Piotr',3,'KI','W','1990-02-06 00:00:00','2011-01-01 00:00:00','Warszawa','ul. Brzask 5'),(37,'Lorenz','Robert',3,'KI','W','1991-03-05 00:00:00','2011-04-01 00:00:00','Warszawa','ul. Groszkowa 4'),(38,'Brodka','Dariusz',3,'KI','WR','1966-04-04 00:00:00','2008-05-04 00:00:00','Wrocław','ul. Koperkowa 1c/4'),(39,'Połomski','Zygmunt',3,'KI','WR','1963-04-03 00:00:00','2008-05-01 00:00:00','Wrocław','ul. Konopnickeij 4'),(40,'Kaczmarek','Barbara',3,'S ','WR','1963-04-02 00:00:00','2010-05-01 00:00:00','Wrocław','ul. Miętowa 5'),(41,'Olejniczak','Justyna',3,'SP','K','1964-05-02 00:00:00','2016-05-01 00:00:00','Kraków','ul. Obornicka 456/123'),(42,'Waligórska','Karolina',3,'H ','K','1964-05-01 00:00:00','2005-05-01 00:00:00','Zakopane','ul. Słowiańska 3'),(43,'Lazarowicz','Małgorzata',3,'K ','K','1965-05-01 00:00:00','2008-05-01 00:00:00','Zakopane','ul. Mała górka 5'),(44,'Maciejewska','Agnieszka',3,'K ','SZ','1966-05-10 00:00:00','2012-05-10 00:00:00','Szczecin','ul. Wildecka 5'),(45,'Rodowicz','Karol',4,'KS','SZ','1967-02-12 00:00:00','2012-02-05 00:00:00','Goleniów','ul. garncarska 4/6'),(46,'Łukaszczyk','Kamil',4,'KS','SZ','1965-11-11 00:00:00','2013-05-01 00:00:00','Goleniów','ul. Marszałkowska 39'),(47,'Jakielczyk','Bartłomiej',4,'K ','G','1966-12-12 00:00:00','2013-03-01 00:00:00','Gdańsk','ul. Oliwa 3'),(48,'Kempara','Hanna',4,'D ','G','1967-12-09 00:00:00','2014-03-12 00:00:00','Gdańsk','ul. Bałtycka 1'),(49,'Liberek','Katarzyna',4,'S ','G','1967-11-01 00:00:00','2011-03-01 00:00:00','Gdańsk','ul. Matysiakowa 3/1'),(50,'Słomka','Natalia',4,'KS','P','1968-03-02 00:00:00','2011-01-01 00:00:00','Poznań','ul. Dąbrowskiego 6'),(51,'Bartkowiak','Janina',4,'KS','P','1968-03-05 00:00:00','2011-01-01 00:00:00','Poznań','ul. Jeziorna 1'),(52,'Abaramowicz','Wojciech',4,'D ','P','1969-03-12 00:00:00','2015-01-01 00:00:00','Swarzędz','os. Dąbroszczaków'),(53,'Bolesławski','Krzysztof',4,'KI','WR','1969-02-11 00:00:00','2002-03-01 00:00:00','Wrocław','ul. Matematyków 2'),(54,'Smoleńska','Katarzyna',4,'S ','WR','1986-03-01 00:00:00','2010-07-01 00:00:00','Wrocław','Ostrów Tumski 5 '),(55,'Linde','Beata',4,'KS','SZ','1985-05-02 00:00:00','2011-07-01 00:00:00','Szczecin','ul. Podolany 5/1'),(56,'Strabel','Maja',4,'KS','SZ','1987-05-02 00:00:00','2012-08-01 00:00:00','Police','ul. Chemiczna 3/1'),(57,'Kończal','Jan',4,'KI','SZ','1981-05-03 00:00:00','2009-08-01 00:00:00','Szczecin','ul. Goleniowska 3'),(58,'Śmietana','Katarzyna',4,'Ks','P','1982-05-11 00:00:00','2014-08-01 00:00:00','Poznań','ul. Wielkopolska 5/2'),(59,'Ciechanowicz','Jarosław',4,'KI','P','1981-05-03 00:00:00','2014-08-01 00:00:00','Poznań','ul. Towarowa 12d/6'),(60,'Barcikowski','Grzegorz',4,'KS','P','1983-05-02 00:00:00','2014-09-10 00:00:00','Poznań','ul. Dziadoszańska 4'),(61,'Zawada','Nikodem',4,'D ','W','1958-01-11 00:00:00','2014-02-11 00:00:00','Konstancin','ul. Szpitalna 1/4'),(62,'Borewicz','Mariusz',4,'K ','W','1959-12-01 00:00:00','2014-02-11 00:00:00','Siedlce','ul. Warszawska 5'),(63,'Nosowska','Małgorzata',5,'SP','W','1988-06-01 00:00:00','2014-10-01 00:00:00','Warszawa','ul. Gdańska 1'),(64,'Kukulski','Piotr',5,'KI','WR','1983-06-09 00:00:00','2009-01-01 00:00:00','Wrocław','os. Kosmonautów 123b/67 '),(65,'Frankowski','Jakub',5,'A ','WR','1984-04-06 00:00:00','2010-01-01 00:00:00','Grabowo','Grabowo 4'),(66,'Haładuda','Magdalena',5,'A ','WR','1981-07-04 00:00:00','2012-01-01 00:00:00','Wrocław','os. Kosmonautów 23/56 '),(67,'Ziomkowska','Julia',5,'A ','SZ','1978-08-01 00:00:00','2007-03-01 00:00:00','Szczecin','os. Wojska Polskiego 23/127'),(68,'Bracka','Anna',2,'A ','SZ','1984-09-02 00:00:00','2011-01-01 00:00:00','Szcecin','ul. Morska 5'),(69,'Woźniak','Tadeusz',2,'M ','K','1982-09-03 00:00:00','2009-03-01 00:00:00','Kraków','Stare Misto 4/1 '),(70,'Kaczmarek','Sylwester',2,'H ','K','1964-09-08 00:00:00','2015-03-05 00:00:00','Kraków','ul. Bracka 4'),(71,'Marciniak','Zdzisław',2,'KI','K','1975-06-06 00:00:00','2011-03-06 00:00:00','Myślenice','ul. Krakowska 3b/5'),(72,'Ikonowicz','Justyna',2,'S ','P','1985-12-11 00:00:00','2009-01-01 00:00:00','Poznań','ul. Podolany 4'),(73,'Jasik','Honorata',2,'SP','W','1992-05-09 00:00:00','2016-06-01 00:00:00','Warszawa','ul. Wiejska 3'),(74,'Nowaczyk','Konstanty',2,'H ','W','1993-05-02 00:00:00','2016-06-01 00:00:00','Warszawa','ul. Senatorska 6'),(75,'Smolinowska','Joanna',2,'A ','W','1988-05-04 00:00:00','2013-06-11 00:00:00','Warszawa','ul. Katowicka 178/4'),(76,'Barcz','Kamila',6,'S ','P','1987-02-05 00:00:00','2014-05-01 00:00:00','Poznań','os.  Orła Białego 17/4'),(77,'Ładyrzyńska','Marta',6,'KS','SZ','1984-01-05 00:00:00','2014-05-07 00:00:00','Nowogard','ul. 700-lecia 4/6'),(78,'Popiel','Agnieszka',6,'KS','W','1980-01-05 00:00:00','2013-05-01 00:00:00','Warszawa','ul. Koperkowa 3'),(79,'Parandowski','Piotr',6,'K ','WR','1981-01-01 00:00:00','2012-05-02 00:00:00','Wrocław','ul. Psie Pole 5/198'),(80,'Pełka','Krzysztof',6,'K ','SZ','1982-03-11 00:00:00','2014-05-01 00:00:00','Szczecin','ul. Kochanowskiego 8'),(81,'Walendziak','Dagmara',2,'SP','SZ','1981-05-10 00:00:00','2013-04-01 00:00:00','Szczecin','ul. Mickiewicza 3/7'),(82,'Tucz','Bogna',6,'H ','G','1958-09-12 00:00:00','2005-03-01 00:00:00','Gdańsk','ul. Morska 1/6'),(83,'Gralczyk','Lech',6,'A ','G','1988-11-01 00:00:00','2009-03-01 00:00:00','Gdańsk','ul. Kochanowskiego 8'),(84,'Artemiuk','Marcin',1,'D ','K','1990-10-02 00:00:00','2013-03-01 00:00:00','Kraków','os. Piastowskie 4/1'),(85,'Rak','Michał',1,'A ','K','1982-08-03 00:00:00','2015-03-03 00:00:00','Kraków','ul. Zwyciestwa 4/7'),(86,'Jakubcewicz','Jakub',1,'KI','K','1991-07-02 00:00:00','2014-03-10 00:00:00','Kraków','ul. Polna 4/7'),(87,'Klar','Halina',1,'SP','P','1965-06-04 00:00:00','2009-12-01 00:00:00','Poznań','ul. szyperska 5/8'),(88,'Ozdowy','Cezary',1,'O ','P','1981-05-08 00:00:00','2012-11-08 00:00:00','Tarnowo Podgórne','ul. Główna 5'),(89,'Purzyńska','Grażyna',1,'KS','P','1961-04-03 00:00:00','2014-10-01 00:00:00','Plewiska','ul. Poznańska 4'),(90,'Celoch','Kazimiera',1,'SP','G','1962-04-03 00:00:00','2008-08-01 00:00:00','Gdynia','ul. Gdańska 2/7'),(91,'Maliniak','Tomasz',2,'O ','G','1976-04-03 00:00:00','2008-08-01 00:00:00','Sopot','ul. Śmiała 4'),(92,'Słońska','Beata',1,'KS','G','1969-08-03 00:00:00','2007-08-01 00:00:00','Gdańsk','ul. Bankowa 5/7'),(93,'Czerwiński','Jacek',2,'O ','K','1974-04-12 00:00:00','2007-08-01 00:00:00','Kraków','ul. Kwiatowa 4'),(94,'Kowalczyk','Renata',1,'KS','K','1970-04-09 00:00:00','2006-08-01 00:00:00','Kraków','ul. Rolna 5/1'),(95,'Dark','Jadwiga',1,'KS','K','1990-04-12 00:00:00','2016-01-10 00:00:00','Kraków','ul. Długa 4'),(96,'Wolska','Beata',1,'KS','WR','1992-05-11 00:00:00','2016-02-01 00:00:00','Wrocław','ul. Rynek 7'),(97,'Maciejewska','Jolanta',4,'KS','G','1981-01-04 00:00:00','2014-02-01 00:00:00','Gdańsk','ul. Morska 4/7'),(98,'Kurek','Antonina',4,'KS','G','1967-06-06 00:00:00','2009-04-01 00:00:00','Gdańsk','ul. Pomorska 4'),(99,'Kudelska','Zuzanna',4,'KS','G','1987-10-05 00:00:00','2011-04-01 00:00:00','Gdańsk','ul. Bankowa 3'),(100,'Brończyk','Bożena',4,'KS','G','1979-12-11 00:00:00','2007-05-05 00:00:00','Gdańsk','ul. Pocztowa 45/7'),(101,'Waraczyńska','Dorota',4,'KS','G','1988-04-08 00:00:00','2014-02-06 00:00:00','Wejcherowo','ul. Gdańska 6'),(102,'Wolak','Zenon',2,'M ','G','1985-05-01 00:00:00','2014-02-06 00:00:00','Wejcherowo','ul. Polna 56/4'),(103,'Kukiełka','Michał',2,'M ','G','1990-01-11 00:00:00','2016-03-05 00:00:00','Sopot','ul. Gdańska 7b/4'),(104,'Szermierz','Tomasz',1,'A ','G','1992-05-10 00:00:00','2016-02-04 00:00:00','Gdynia','ul. Kominowa 3'),(105,'Korek','Jacek',6,'D ','G','1994-02-12 00:00:00','2015-05-01 00:00:00','Gdańsk','ul. Chemiczna 5'),(106,'Ren','Tomasz',6,'A ','G','1977-11-03 00:00:00','2014-05-07 00:00:00','Gdańsk','ul. Krasnoludków 34f/7'),(107,'Don','Bronisław',3,'KI','G','1987-10-08 00:00:00','2011-08-01 00:00:00','Gdańsk','ul. Bliska 6'),(108,'Lampe','Mirosław',3,'KI','G','1989-03-06 00:00:00','2013-09-01 00:00:00','Gdańsk','ul. Żydowska 5'),(109,'Lange','Michał',3,'KI','G','1991-04-10 00:00:00','2015-09-07 00:00:00','Gdańsk','ul. Szczecińska 2'),(110,'Ciechomski','Karol',3,'KI','G','1993-07-03 00:00:00','2015-10-01 00:00:00','Malbork','ul. Wojskowa 5'),(111,'Rolka','Piotr',3,'KI','G','1984-11-03 00:00:00','2015-11-01 00:00:00','Elbląg','ul. Szumna 3'),(112,'Bronkowski','Jan',2,'M ','G','1987-03-09 00:00:00','2011-01-08 00:00:00','Gdańsk','ul. Kochanowskiego 8g/2'),(113,'Kamieniarz','Lech',2,'M ','G','1988-11-02 00:00:00','2009-04-01 00:00:00','Sopot','ul. M. Konopnickiej 8b/8'),(114,'Santorski','Marek',2,'M ','G','1991-10-10 00:00:00','2016-01-03 00:00:00','Gdynia','ul. Koszalińska 5'),(115,'Polak','Robert',2,'O ','G','1984-06-04 00:00:00','2013-10-06 00:00:00','Gdańsk','ul. Uniwersytecka 6/1'),(116,'Łazarski','Janusz',3,'K ','G','1981-06-04 00:00:00','2010-11-05 00:00:00','Gdańsk','ul. Woliska 2'),(117,'Trafas','Katarzyna',3,'SP','G','1989-05-10 00:00:00','2010-04-02 00:00:00','Gdańsk','ul. Towarowa 4'),(118,'Miodek','Sabina',4,'S ','P','1989-05-10 00:00:00','2010-04-02 00:00:00','Poznań','ul. Falsita 3/6'),(119,'Rybarczyk','Aneta',4,'A ','P','1989-05-10 00:00:00','2011-04-02 00:00:00','Poznań','ul. Górczyńska 3'),(120,'Norek','Zuzanna',4,'KS','P','1990-05-10 00:00:00','2016-04-02 00:00:00','Poznań','ul. Piotrkowska 4'),(121,'Duczmal','Marek',2,'M ','P','1981-05-10 00:00:00','2015-04-02 00:00:00','Poznań','ul. Szamotulska 3'),(122,'Koźmiński','Olgierd',2,'O ','P','1990-05-10 00:00:00','2014-04-02 00:00:00','Tarnowo Podgórne','ul. Targowa 4'),(123,'Tomkowska','Julita',2,'SP','P','1988-05-10 00:00:00','2014-04-02 00:00:00','Szamotuły','ul. Półwiejska 3/1'),(124,'Dobrowolski','Michał',2,'M ','P','1985-05-10 00:00:00','2014-04-02 00:00:00','Poznań','Al. Marcinkowkiego 9/1'),(125,'Krata','Jacek',2,'M ','P','1987-05-10 00:00:00','2014-04-02 00:00:00','Poznań','ul. Zagórze 6a'),(126,'Mańczak','Kazimierz',1,'M ','P','1979-05-10 00:00:00','2014-04-02 00:00:00','Poznań','ul. Młyńska 78/9'),(127,'Bończak','Alina',1,'A ','P','1981-05-10 00:00:00','2014-04-02 00:00:00','Szamotuły','ul. Mylna 7'),(128,'Łazinka','Kamila',6,'K ','P','1985-05-10 00:00:00','2014-04-02 00:00:00','Poznań','ul. Dąbrowskiego 7/6'),(129,'Komorowska','Anna',6,'A ','P','1985-05-18 00:00:00','2011-04-02 00:00:00','Tarnowo Podgórne','os. Nowina 6'),(130,'Binkowska','Celina',6,'A ','P','1980-06-19 00:00:00','2014-04-02 00:00:00','Szamotuły','os. Kopernika 56b/7'),(131,'Kowalczyk','Agnieszka',7,'D ','P','1969-05-10 00:00:00','2009-04-02 00:00:00','Poznań','ul. Bułgarska 6c/129'),(132,'Kaczmarek','Katrzyna',7,'K ','P','1965-05-10 00:00:00','2010-04-02 00:00:00','Poznań','ul. Marszałkowska 78/4'),(133,'Niepiekły','Marta',7,'S ','P','1958-05-10 00:00:00','2008-04-02 00:00:00','Szamotuły','ul. Cześnikowska 45/2'),(134,'Nowakowska','Dominika',7,'H ','P','1979-05-10 00:00:00','2008-04-02 00:00:00','Poznań','ul. Wrocławska 6b/1'),(135,'Olechnowicz','Tomasz',7,'H ','P','1978-05-10 00:00:00','2014-04-02 00:00:00','Szamotuły','ul. Szkolna 6'),(136,'Miodowicz','Karol',7,'H ','P','1977-05-10 00:00:00','2015-04-02 00:00:00','Poznań','ul. Wyspiańskiego 5h/67'),(137,'Walentynowicz','Wanda',7,'H ','P','1970-05-10 00:00:00','2015-04-02 00:00:00','Poznań','ul. Matejki 6'),(138,'Cepor','Jolanta',7,'H ','P','1960-05-10 00:00:00','2016-04-02 00:00:00','Poznań','ul. Palmiarniana 5'),(139,'Maleńczuk','Dominika',5,'D ','P','1979-05-10 00:00:00','2014-03-10 00:00:00','Poznań','ul. Miodowa 4b/6'),(140,'Ciechowska','Katarzyna',5,'K ','P','1980-05-10 00:00:00','2014-02-11 00:00:00','Poznań','ul. Polanka 34/7'),(141,'Romanowska','Maria',5,'KS','P','1986-05-10 00:00:00','2014-09-05 00:00:00','Tarnowo Podgórne','ul. Brzask 6'),(142,'Łokaj','Barbara',5,'A ','P','1978-05-10 00:00:00','2012-05-01 00:00:00','Poznań','os. Wichrowe wzgórza 3'),(143,'Miller','Andrzej',5,'A ','P','1972-05-10 00:00:00','2012-04-01 00:00:00','Poznań','ul. Śniadeckich 6/5'),(144,'Kopyczyńska','Anna',5,'A ','P','1972-05-10 00:00:00','2012-04-04 00:00:00','Poznań','ul. Kaktusowa 5'),(145,'Kamińska','Aldona',5,'A ','P','1982-05-10 00:00:00','2014-04-06 00:00:00','Poznań','ul. Dębowa 4'),(146,'Mróz','Karolina',5,'A ','P','1975-05-10 00:00:00','2014-04-01 00:00:00','Poznań','ul. Świerczewo 8'),(147,'Lisiecki','Marcin',3,'K ','P','1976-11-11 00:00:00','2014-04-01 00:00:00','Poznań','ul. Górecka 6'),(148,'Pietras','Michał',3,'KI','P','1969-10-09 00:00:00','2014-03-02 00:00:00','Poznań','ul. Fredry 5'),(149,'Wawrzyniak','Karol',3,'KI','P','1966-01-09 00:00:00','2014-05-04 00:00:00','Poznań','ul. Gwarna 5c/4'),(150,'Gałaman','Zbigniew',3,'KI','P','1965-02-10 00:00:00','2011-07-02 00:00:00','Poznań','ul. Paderweskiego 6'),(151,'Bronkowski','Sebastian',3,'KI','P','1964-08-05 00:00:00','2011-04-12 00:00:00','Szamotuły','ul. Wielka 3/4'),(152,'Lutosławski','Ryszard',3,'KI','P','1980-07-04 00:00:00','2011-04-09 00:00:00','Poznań','ul. Krzywa 5c/3'),(153,'Kazmierski','Miłosz',3,'KI','P','1980-06-09 00:00:00','2011-06-02 00:00:00','Tarnowo Podgórne','ul. Krakowska 5'),(154,'Konopka','Rafał',3,'KI','P','1969-05-03 00:00:00','2011-05-06 00:00:00','Poznań','ul. Katowicka 5/5'),(155,'Błaszczyk','Łukasz',3,'KI','P','1979-05-01 00:00:00','2011-05-05 00:00:00','Plewiska','ul. Młodych 5'),(156,'Borczyk','Anna',1,'A ','P','1971-09-11 00:00:00','2013-01-05 00:00:00','Poznań','ul. Kolejowa 15'),(157,'Jaszcz','Jadwiga',1,'A ','P','1972-05-10 00:00:00','2016-01-05 00:00:00','Poznań','ul. Cmentarna 67c/3'),(158,'Walczak','Aneta',1,'D ','P','1973-03-07 00:00:00','2013-01-05 00:00:00','Poznań','ul. Miłostowska 6'),(159,'Kaczmarek','Agnieszka',1,'A ','P','1973-02-06 00:00:00','2012-01-05 00:00:00','Poznań','ul. Górna 51/4'),(160,'Kowalska','Małgorzata',1,'A ','P','1972-05-05 00:00:00','2012-01-05 00:00:00','Tarnowo Podgórne','os. Młodych 5c/12'),(161,'Rąbalski','Adam',5,'D ','W','1969-01-04 00:00:00','2015-03-02 00:00:00','Konstancin','ul. Leniwa 4'),(162,'Sianowska','Maria',5,'S ','W','1978-02-03 00:00:00','2010-06-01 00:00:00','Wieruszów','ul. Smoleńska 34g/23'),(163,'Wierke','Jolanta',5,'A ','W','1981-05-07 00:00:00','2010-06-01 00:00:00','Warszawa','ul. Polna 45/2'),(164,'Kruczek','Agnieszka',5,'A ','W','1982-09-06 00:00:00','2010-06-01 00:00:00','Milanówek','ul. Platynowa 3/5'),(165,'Grzybowska','Małgorzata',5,'A ','W','1980-11-05 00:00:00','2009-06-01 00:00:00','Warszawa','ul. Żelazna 5/8'),(166,'Lacka','Beata',5,'KS','W','1981-10-11 00:00:00','2010-06-01 00:00:00','Wilanowo','ul. Miedziana 5/123'),(167,'Milecki','Jan',2,'M ','W','1967-04-01 00:00:00','2011-07-01 00:00:00','Warszawa','Al. jerozolimskie 53/123 '),(168,'Lubicz','Marcin',2,'M ','W','1966-09-11 00:00:00','2009-07-01 00:00:00','Warszawa','ul. Senatorska 6'),(169,'Zaniemski','Jan',2,'M ','W','1990-04-12 00:00:00','2014-07-01 00:00:00','Warszawa','ul. Krakowska 5'),(170,'Kołacz','Monika',1,'A ','W','1993-07-09 00:00:00','2016-08-05 00:00:00','Warszawa','ul. Lwowska 56c/7'),(171,'Wrońska','Anna',1,'A ','W','1991-04-10 00:00:00','2014-08-05 00:00:00','Warszawa','ul. Kochanowskiego 9'),(172,'Jabłońska','Katrzyna',1,'A ','W','1980-03-05 00:00:00','2014-08-05 00:00:00','Warszawa','ul. Jesionowa 6'),(173,'Gruszecka','Magdalena',1,'A ','W','1981-02-05 00:00:00','2014-08-05 00:00:00','Wilanowo','ul. Dębowa 56f/7'),(174,'Śliwiński','Stanisław',6,'D ','W','1970-09-05 00:00:00','2013-09-01 00:00:00','Wilanowo','ul. Piastowska 6'),(175,'Adamiec','Agnieszka',6,'S ','W','1980-10-06 00:00:00','2012-09-01 00:00:00','Warszawa','ul. Jagielońska 5/12'),(176,'Badach','Maria',6,'A ','W','1978-09-11 00:00:00','2010-09-01 00:00:00','Warszawa','ul. Malwowa 4'),(177,'Stanuch','Katarzyna',6,'A ','W','1979-03-09 00:00:00','2015-09-01 00:00:00','Glapowice','ul. Grzybowa 3'),(178,'Baran','Katrzyna',6,'A ','W','1985-06-01 00:00:00','2010-09-01 00:00:00','Warszawa','ul. Kucharska 6'),(179,'Jędrych','Tomasz',3,'K ','W','1966-05-03 00:00:00','2013-02-01 00:00:00','Warszawa','ul. Woronicza 3'),(180,'Lorych','Jan',3,'KI','W','1967-06-05 00:00:00','2011-02-01 00:00:00','Warszawa','ul. Stokrotkowa 4'),(181,'Panke','Roman',3,'KI','W','1967-04-10 00:00:00','2014-02-01 00:00:00','Warszawa','ul. Junikowska 5'),(182,'Pochanke','Adam',3,'KI','W','1970-03-09 00:00:00','2010-02-01 00:00:00','Warszawa','ul. Czadowa 4'),(183,'Ziemkiewicz','Anna',4,'KS','W','1970-01-05 00:00:00','2016-06-10 00:00:00','Warszawa','ul. Koncertowa 104/5'),(184,'Zaremba','Patrycja',4,'KS','W','1971-01-05 00:00:00','2012-06-10 00:00:00','Warszawa','ul. Konsulowa 4'),(185,'Lis','Halina',4,'KS','W','1976-01-05 00:00:00','2010-06-10 00:00:00','Warszawa','ul. Radiowa 4'),(186,'Pracz','Małgorzata',4,'KS','W','1978-01-05 00:00:00','2008-06-10 00:00:00','Warszawa','ul. Monetarna 5c/4'),(187,'Fibaś','Agnieszka',4,'KS','W','1978-01-05 00:00:00','2008-06-10 00:00:00','Warszawa','ul. Dobra 4'),(188,'Janiak','Bogdan',2,'M ','K','1967-04-09 00:00:00','2009-01-01 00:00:00','Kraków','ul. Rolna 8'),(189,'Woźniak','Miłosz',2,'M ','K','1995-06-06 00:00:00','2013-01-01 00:00:00','Kraków','ul. Długa 41b/1'),(190,'Rach','Jan',2,'M ','K','1960-06-05 00:00:00','2008-01-01 00:00:00','Kraków','ul. Wielka 3/4'),(191,'Borak','Monika',5,'D ','SZ','1960-04-01 00:00:00','2009-05-01 00:00:00','Szczecin','ul. Marynarzy 6'),(192,'Karolak','Agnieszka',5,'S ','SZ','1978-05-08 00:00:00','2010-05-01 00:00:00','Police','ul. Morska 4/5'),(193,'Miła','Barbara',5,'A ','SZ','1980-03-07 00:00:00','2008-05-01 00:00:00','Szczecin','ul. Wojskowa 4'),(194,'Bogacki','Marcin',2,'M ','SZ','1967-10-04 00:00:00','2008-05-01 00:00:00','Szczecin','ul. Kwiatowa 3b/7'),(195,'Feruga','Jan',2,'M ','SZ','1978-09-02 00:00:00','2009-05-01 00:00:00','Szczecin','ul. Drzewiasta 6'),(196,'Bolny','Michał',2,'M ','SZ','1981-06-11 00:00:00','2010-05-01 00:00:00','Nowogard','ul. Malinowa 3/23'),(197,'Charcew','Kazimierz',2,'K ','SZ','1972-04-10 00:00:00','2014-05-01 00:00:00','Mosty','Mosty 6 '),(198,'Lubomski','Mariusz',3,'KI','SZ','1995-10-02 00:00:00','2013-05-01 00:00:00','Szczecin','ul. Parna 5'),(199,'Janerka','Lech',3,'KI','SZ','1967-05-05 00:00:00','2009-05-01 00:00:00','Szczecin','ul. Dolan 6/4'),(200,'Michalski','Franciszek',3,'KI','SZ','1966-04-06 00:00:00','2009-05-31 00:00:00','Szczecin','ul. Miła 3'),(201,'Matysiak','Katarzyna',4,'KS','WR','1978-08-06 00:00:00','2009-05-31 00:00:00','Wrocław','ul. Mragowska 5'),(202,'Jezierska','Anna',4,'KS','WR','1994-03-03 00:00:00','2013-05-10 00:00:00','Wrocław','ul. Milczanowska 4/4'),(203,'Kowalska','Maria',4,'KS','WR','1983-04-07 00:00:00','2009-05-01 00:00:00','Wrocław','ul. Kulawa 4'),(204,'Bromski','Jan',2,'M ','WR','1966-04-05 00:00:00','2008-05-10 00:00:00','Wrocław','ul. Całą 4/6'),(205,'Lichota','Tomasz',2,'M ','WR','1966-05-06 00:00:00','2009-05-02 00:00:00','Wrocław','ul. Dobra 6'),(206,'Bucholc','Adam',2,'M ','WR','1968-04-02 00:00:00','2010-05-02 00:00:00','Wrocław','ul. Wczorajsza 4'),(207,'Samusionek','Anna',1,'A ','WR','1976-01-04 00:00:00','2011-05-02 00:00:00','Wrocław','ul. Przyszła 2'),(208,'Pralczyk','Joanna',1,'A ','WR','1977-06-03 00:00:00','2013-05-02 00:00:00','Wrocław','ul. Jutrzejsza 3b/56'),(209,'Chojnicki','Maciej',8,'I ','WR','1973-06-06 00:00:00','2010-05-31 00:00:00','Wrocław','ul. Olimpijska 5'),(210,'Ustrzycki','Piotr',8,'I ','P','1974-06-06 00:00:00','2014-05-31 00:00:00','Poznań','ul. Sportowa 5/8'),(211,'Maciejewski','Grzegorz',8,'I ','G','1975-09-02 00:00:00','2008-05-02 00:00:00','Sopot','ul. Ławica 4/7'),(212,'Zając','Marcin',8,'I ','K','1976-06-05 00:00:00','2008-05-31 00:00:00','Kraków','ul. Czesłąwa 4'),(213,'Szymczak','Jarosław',8,'I ','SZ','1967-05-02 00:00:00','2009-05-11 00:00:00','Szczecin','ul. Piotrkowska 56/123'),(214,'Szymczak','Mariusz',8,'I ','W','1980-10-04 00:00:00','2010-05-10 00:00:00','Warszawa','ul. Komputerowa 6/12');
/*!40000 ALTER TABLE `pracownicy` ENABLE KEYS */;
UNLOCK TABLES;

--
-- Table structure for table `pracownicy_bak`
--

DROP TABLE IF EXISTS `pracownicy_bak`;
/*!40101 SET @saved_cs_client     = @@character_set_client */;
/*!40101 SET character_set_client = utf8 */;
CREATE TABLE `pracownicy_bak` (
  `IdPracownika` int(11) NOT NULL,
  `Nazwisko` varchar(50) NOT NULL,
  `Imie` varchar(50) NOT NULL,
  `IdDzialu` int(11) DEFAULT NULL,
  `IdStanowiska` varchar(2) DEFAULT NULL,
  `IdOddzialu` varchar(50) DEFAULT NULL,
  `DataUrodzenia` datetime NOT NULL,
  `DataZatrudnienia` datetime NOT NULL,
  `Miejscowosc` varchar(50) NOT NULL,
  `Adres` varchar(50) NOT NULL,
  PRIMARY KEY (`IdPracownika`)
) ENGINE=MyISAM DEFAULT CHARSET=utf8;
/*!40101 SET character_set_client = @saved_cs_client */;

--
-- Dumping data for table `pracownicy_bak`
--

LOCK TABLES `pracownicy_bak` WRITE;
/*!40000 ALTER TABLE `pracownicy_bak` DISABLE KEYS */;
INSERT INTO `pracownicy_bak` VALUES (1,'Kowalski','Jan',1,'H ','P','1988-01-09 00:00:00','2009-02-01 00:00:00','Poznań','ul. Polna 11/4'),(2,'Ambroziak','Karolina',1,'D ','W','1996-11-02 00:00:00','2015-09-01 00:00:00','Warszawa','ul. Kurlandzka 2/4'),(3,'Karolak','Tadeusz',1,'I ','WR','1970-02-12 00:00:00','2010-12-11 00:00:00','Wrocław','ul. Głogowska 3/123'),(4,'Malinowska','Anna',1,'S ','G','1971-03-11 00:00:00','2010-10-01 00:00:00','Gdańsk','ul. Pamiatkowa 4'),(5,'Kaczmarek','Beata',1,'SP','K','1969-04-03 00:00:00','2010-05-01 00:00:00','Kraków','ul. Rózna 4/9'),(6,'Marciniak','Jolanta',1,'A ','SZ','1981-05-03 00:00:00','2014-06-01 00:00:00','Szczecin','ul. Garnozonowa 34'),(7,'Olechnowicz','Kazimierz',1,'KI','P','1990-05-04 00:00:00','2014-12-01 00:00:00','Tarnowo Podgórne','ul. Sowia 1'),(8,'Borkowski','Piotr',1,'KI','W','1982-05-11 00:00:00','2011-01-01 00:00:00','Warszawa','ul. Pusta 3'),(9,'Tomkowska','Alina',1,'KS','W','1983-06-11 00:00:00','2011-03-01 00:00:00','Warszawa','ul. Krzywa 3/78'),(10,'Siepka','Tomasz',1,'KS','WR','1976-06-11 00:00:00','2005-02-05 00:00:00','Wrocław','ul. Długa 4/6'),(11,'Walczak','Tomasz',1,'H ','K','1977-12-11 00:00:00','2011-02-09 00:00:00','Dobczyce','ul. Wielka 55c/7'),(12,'Opowicz','Katarzyna',1,'H ','G','1980-10-01 00:00:00','2003-08-01 00:00:00','Wejcherowo','ul. Katowicka 456/6'),(13,'Tomczak','Janusz',2,'M ','SZ','1981-12-10 00:00:00','2004-02-08 00:00:00','Nowogard','ul. Lutosławska 4'),(14,'Możdżer','Urszula',2,'D ','P','1982-09-11 00:00:00','2003-07-01 00:00:00','Szamotuły','ul. Szczecińska 5'),(15,'Meller','Bożena',2,'K ','W','1980-06-12 00:00:00','2004-03-01 00:00:00','Milanówek','ul. Św. Barbary 8b/1'),(16,'Kostkowska','Grażyna',2,'K ','WR','1983-09-01 00:00:00','2004-09-01 00:00:00','Wrocław','ul. Piastowska 4c'),(17,'Zalicka','Cecylia',2,'KS','SZ','1980-09-10 00:00:00','2003-07-11 00:00:00','Gryfino','ul. Kościuszkowców 4'),(18,'Matuszewski','Krzysztof',2,'KI','G','1978-07-09 00:00:00','1999-06-01 00:00:00','Gdynia','ul. Żydowska 3/5'),(19,'Rozmiarek','Filip',2,'M ','K','1970-07-02 00:00:00','2005-06-01 00:00:00','Myślenice','ul. Św. Józefa'),(20,'Lotka','Lech',2,'M ','P','1971-09-01 00:00:00','2005-05-01 00:00:00','Poznań','ul. 3-go Maja'),(21,'Gąbka','Bogusława',2,'M ','P','1972-04-02 00:00:00','2005-04-01 00:00:00','Poznań','ul. 28 czerwca 1956 7b/7'),(22,'Skorupka','Stefan',2,'M ','W','1973-03-11 00:00:00','2007-04-11 00:00:00','Warszawa','ul. Hetmańska 56/78'),(23,'Niepokański','Wojciech',2,'M ','W','1974-11-11 00:00:00','2010-04-01 00:00:00','Warszawa','ul. Grunwaldzka 3'),(24,'Samarzewska','Anna',2,'KS','WR','1975-10-12 00:00:00','2016-07-01 00:00:00','Opole','ul. Grochowska 45/7'),(25,'Rokita','Barbara',3,'KS','WR','1976-11-03 00:00:00','2016-07-01 00:00:00','Wałbrzych','ul. Marcelińska 4'),(26,'Boleśniak','Lucjan',3,'D ','SZ','1987-12-07 00:00:00','2013-07-01 00:00:00','Stargard Szcz.','ul. Ogrody 5c/67'),(27,'Urynski','Tomasz',3,'KI','SZ','1978-05-12 00:00:00','2014-01-01 00:00:00','Szczecin','ul. Małachowskiego 8'),(28,'Tomaszewski','Kazimierz',3,'KI','K','1979-08-10 00:00:00','2003-11-01 00:00:00','Kraków','ul. Warszawska 5'),(29,'Zalewski','Eugeniusz',3,'KI','K','1970-09-11 00:00:00','2002-02-10 00:00:00','Kraków','ul. Kalinowska 5c'),(30,'Lupa','Grzegorz',3,'KI','G','1948-07-02 00:00:00','2004-10-01 00:00:00','Gdańsk','ul. Fredry 6c/12'),(31,'Bucoń','Bartosz',3,'A ','G','1976-07-01 00:00:00','2003-12-01 00:00:00','Gdańsk','ul. A. Mickiewicza 3'),(32,'Stańsko','Mariusz',3,'KI','P','1970-07-12 00:00:00','2003-12-01 00:00:00','Murowana Goślina','ul. J. Słowackiego 4'),(33,'Garbarek','Janina',3,'S ','P','1972-01-10 00:00:00','2008-01-01 00:00:00','Wronki','ul. J. Kochanowskiego 8/8'),(34,'Dudziak','Michał',3,'KI','P','1972-01-08 00:00:00','2008-01-01 00:00:00','Poznań','ul. Krótka 3'),(35,'Urbaniak','Marcin',3,'KI','W','1972-01-07 00:00:00','2009-01-10 00:00:00','Warszawa','ul. Krzywa 4/1'),(36,'Kaszowski','Piotr',3,'KI','W','1990-02-06 00:00:00','2011-01-01 00:00:00','Warszawa','ul. Brzask 5'),(37,'Lorenz','Robert',3,'KI','W','1991-03-05 00:00:00','2011-04-01 00:00:00','Warszawa','ul. Groszkowa 4'),(38,'Brodka','Dariusz',3,'KI','WR','1966-04-04 00:00:00','2008-05-04 00:00:00','Wrocław','ul. Koperkowa 1c/4'),(39,'Połomski','Zygmunt',3,'KI','WR','1963-04-03 00:00:00','2008-05-01 00:00:00','Wrocław','ul. Konopnickeij 4'),(40,'Kaczmarek','Barbara',3,'S ','WR','1963-04-02 00:00:00','2010-05-01 00:00:00','Wrocław','ul. Miętowa 5'),(41,'Olejniczak','Justyna',3,'SP','K','1964-05-02 00:00:00','2016-05-01 00:00:00','Kraków','ul. Obornicka 456/123'),(42,'Waligórska','Karolina',3,'H ','K','1964-05-01 00:00:00','2005-05-01 00:00:00','Zakopane','ul. Słowiańska 3'),(43,'Lazarowicz','Małgorzata',3,'K ','K','1965-05-01 00:00:00','2008-05-01 00:00:00','Zakopane','ul. Mała górka 5'),(44,'Maciejewska','Agnieszka',3,'K ','SZ','1966-05-10 00:00:00','2012-05-10 00:00:00','Szczecin','ul. Wildecka 5'),(45,'Rodowicz','Karol',4,'KS','SZ','1967-02-12 00:00:00','2012-02-05 00:00:00','Goleniów','ul. garncarska 4/6'),(46,'Łukaszczyk','Kamil',4,'KS','SZ','1965-11-11 00:00:00','2013-05-01 00:00:00','Goleniów','ul. Marszałkowska 39'),(47,'Jakielczyk','Bartłomiej',4,'K ','G','1966-12-12 00:00:00','2013-03-01 00:00:00','Gdańsk','ul. Oliwa 3'),(48,'Kempara','Hanna',4,'D ','G','1967-12-09 00:00:00','2014-03-12 00:00:00','Gdańsk','ul. Bałtycka 1'),(49,'Liberek','Katarzyna',4,'S ','G','1967-11-01 00:00:00','2011-03-01 00:00:00','Gdańsk','ul. Matysiakowa 3/1'),(50,'Słomka','Natalia',4,'KS','P','1968-03-02 00:00:00','2011-01-01 00:00:00','Poznań','ul. Dąbrowskiego 6'),(51,'Bartkowiak','Janina',4,'KS','P','1968-03-05 00:00:00','2011-01-01 00:00:00','Poznań','ul. Jeziorna 1'),(52,'Abaramowicz','Wojciech',4,'D ','P','1969-03-12 00:00:00','2015-01-01 00:00:00','Swarzędz','os. Dąbroszczaków'),(53,'Bolesławski','Krzysztof',4,'KI','WR','1969-02-11 00:00:00','2002-03-01 00:00:00','Wrocław','ul. Matematyków 2'),(54,'Smoleńska','Katarzyna',4,'S ','WR','1986-03-01 00:00:00','2010-07-01 00:00:00','Wrocław','Ostrów Tumski 5 '),(55,'Linde','Beata',4,'KS','SZ','1985-05-02 00:00:00','2011-07-01 00:00:00','Szczecin','ul. Podolany 5/1'),(56,'Strabel','Maja',4,'KS','SZ','1987-05-02 00:00:00','2012-08-01 00:00:00','Police','ul. Chemiczna 3/1'),(57,'Kończal','Jan',4,'KI','SZ','1981-05-03 00:00:00','2009-08-01 00:00:00','Szczecin','ul. Goleniowska 3'),(58,'Śmietana','Katarzyna',4,'Ks','P','1982-05-11 00:00:00','2014-08-01 00:00:00','Poznań','ul. Wielkopolska 5/2'),(59,'Ciechanowicz','Jarosław',4,'KI','P','1981-05-03 00:00:00','2014-08-01 00:00:00','Poznań','ul. Towarowa 12d/6'),(60,'Barcikowski','Grzegorz',4,'KS','P','1983-05-02 00:00:00','2014-09-10 00:00:00','Poznań','ul. Dziadoszańska 4'),(61,'Zawada','Nikodem',4,'D ','W','1958-01-11 00:00:00','2014-02-11 00:00:00','Konstancin','ul. Szpitalna 1/4'),(62,'Borewicz','Mariusz',4,'K ','W','1959-12-01 00:00:00','2014-02-11 00:00:00','Siedlce','ul. Warszawska 5'),(63,'Nosowska','Małgorzata',5,'SP','W','1988-06-01 00:00:00','2014-10-01 00:00:00','Warszawa','ul. Gdańska 1'),(64,'Kukulski','Piotr',5,'KI','WR','1983-06-09 00:00:00','2009-01-01 00:00:00','Wrocław','os. Kosmonautów 123b/67 '),(65,'Frankowski','Jakub',5,'A ','WR','1984-04-06 00:00:00','2010-01-01 00:00:00','Grabowo','Grabowo 4'),(66,'Haładuda','Magdalena',5,'A ','WR','1981-07-04 00:00:00','2012-01-01 00:00:00','Wrocław','os. Kosmonautów 23/56 '),(67,'Ziomkowska','Julia',5,'A ','SZ','1978-08-01 00:00:00','2007-03-01 00:00:00','Szczecin','os. Wojska Polskiego 23/127'),(68,'Bracka','Anna',2,'A ','SZ','1984-09-02 00:00:00','2011-01-01 00:00:00','Szcecin','ul. Morska 5'),(69,'Woźniak','Tadeusz',2,'M ','K','1982-09-03 00:00:00','2009-03-01 00:00:00','Kraków','Stare Misto 4/1 '),(70,'Kaczmarek','Sylwester',2,'H ','K','1964-09-08 00:00:00','2015-03-05 00:00:00','Kraków','ul. Bracka 4'),(71,'Marciniak','Zdzisław',2,'KI','K','1975-06-06 00:00:00','2011-03-06 00:00:00','Myślenice','ul. Krakowska 3b/5'),(72,'Ikonowicz','Justyna',2,'S ','P','1985-12-11 00:00:00','2009-01-01 00:00:00','Poznań','ul. Podolany 4'),(73,'Jasik','Honorata',2,'SP','W','1992-05-09 00:00:00','2016-06-01 00:00:00','Warszawa','ul. Wiejska 3'),(74,'Nowaczyk','Konstanty',2,'H ','W','1993-05-02 00:00:00','2016-06-01 00:00:00','Warszawa','ul. Senatorska 6'),(75,'Smolinowska','Joanna',2,'A ','W','1988-05-04 00:00:00','2013-06-11 00:00:00','Warszawa','ul. Katowicka 178/4'),(76,'Barcz','Kamila',6,'S ','P','1987-02-05 00:00:00','2014-05-01 00:00:00','Poznań','os.  Orła Białego 17/4'),(77,'Ładyrzyńska','Marta',6,'KS','SZ','1984-01-05 00:00:00','2014-05-07 00:00:00','Nowogard','ul. 700-lecia 4/6'),(78,'Popiel','Agnieszka',6,'KS','W','1980-01-05 00:00:00','2013-05-01 00:00:00','Warszawa','ul. Koperkowa 3'),(79,'Parandowski','Piotr',6,'K ','WR','1981-01-01 00:00:00','2012-05-02 00:00:00','Wrocław','ul. Psie Pole 5/198'),(80,'Pełka','Krzysztof',6,'K ','SZ','1982-03-11 00:00:00','2014-05-01 00:00:00','Szczecin','ul. Kochanowskiego 8'),(81,'Walendziak','Dagmara',2,'SP','SZ','1981-05-10 00:00:00','2013-04-01 00:00:00','Szczecin','ul. Mickiewicza 3/7'),(82,'Tucz','Bogna',6,'H ','G','1958-09-12 00:00:00','2005-03-01 00:00:00','Gdańsk','ul. Morska 1/6'),(83,'Gralczyk','Lech',6,'A ','G','1988-11-01 00:00:00','2009-03-01 00:00:00','Gdańsk','ul. Kochanowskiego 8'),(84,'Artemiuk','Marcin',1,'D ','K','1990-10-02 00:00:00','2013-03-01 00:00:00','Kraków','os. Piastowskie 4/1'),(85,'Rak','Michał',1,'A ','K','1982-08-03 00:00:00','2015-03-03 00:00:00','Kraków','ul. Zwyciestwa 4/7'),(86,'Jakubcewicz','Jakub',1,'KI','K','1991-07-02 00:00:00','2014-03-10 00:00:00','Kraków','ul. Polna 4/7'),(87,'Klar','Halina',1,'SP','P','1965-06-04 00:00:00','2009-12-01 00:00:00','Poznań','ul. szyperska 5/8'),(88,'Ozdowy','Cezary',1,'O ','P','1981-05-08 00:00:00','2012-11-08 00:00:00','Tarnowo Podgórne','ul. Główna 5'),(89,'Purzyńska','Grażyna',1,'KS','P','1961-04-03 00:00:00','2014-10-01 00:00:00','Plewiska','ul. Poznańska 4'),(90,'Celoch','Kazimiera',1,'SP','G','1962-04-03 00:00:00','2008-08-01 00:00:00','Gdynia','ul. Gdańska 2/7'),(91,'Maliniak','Tomasz',2,'O ','G','1976-04-03 00:00:00','2008-08-01 00:00:00','Sopot','ul. Śmiała 4'),(92,'Słońska','Beata',1,'KS','G','1969-08-03 00:00:00','2007-08-01 00:00:00','Gdańsk','ul. Bankowa 5/7'),(93,'Czerwiński','Jacek',2,'O ','K','1974-04-12 00:00:00','2007-08-01 00:00:00','Kraków','ul. Kwiatowa 4'),(94,'Kowalczyk','Renata',1,'KS','K','1970-04-09 00:00:00','2006-08-01 00:00:00','Kraków','ul. Rolna 5/1'),(95,'Dark','Jadwiga',1,'KS','K','1990-04-12 00:00:00','2016-01-10 00:00:00','Kraków','ul. Długa 4'),(96,'Wolska','Beata',1,'KS','WR','1992-05-11 00:00:00','2016-02-01 00:00:00','Wrocław','ul. Rynek 7'),(97,'Maciejewska','Jolanta',4,'KS','G','1981-01-04 00:00:00','2014-02-01 00:00:00','Gdańsk','ul. Morska 4/7'),(98,'Kurek','Antonina',4,'KS','G','1967-06-06 00:00:00','2009-04-01 00:00:00','Gdańsk','ul. Pomorska 4'),(99,'Kudelska','Zuzanna',4,'KS','G','1987-10-05 00:00:00','2011-04-01 00:00:00','Gdańsk','ul. Bankowa 3'),(100,'Brończyk','Bożena',4,'KS','G','1979-12-11 00:00:00','2007-05-05 00:00:00','Gdańsk','ul. Pocztowa 45/7'),(101,'Waraczyńska','Dorota',4,'KS','G','1988-04-08 00:00:00','2014-02-06 00:00:00','Wejcherowo','ul. Gdańska 6'),(102,'Wolak','Zenon',2,'M ','G','1985-05-01 00:00:00','2014-02-06 00:00:00','Wejcherowo','ul. Polna 56/4'),(103,'Kukiełka','Michał',2,'M ','G','1990-01-11 00:00:00','2016-03-05 00:00:00','Sopot','ul. Gdańska 7b/4'),(104,'Szermierz','Tomasz',1,'A ','G','1992-05-10 00:00:00','2016-02-04 00:00:00','Gdynia','ul. Kominowa 3'),(105,'Korek','Jacek',6,'D ','G','1994-02-12 00:00:00','2015-05-01 00:00:00','Gdańsk','ul. Chemiczna 5'),(106,'Ren','Tomasz',6,'A ','G','1977-11-03 00:00:00','2014-05-07 00:00:00','Gdańsk','ul. Krasnoludków 34f/7'),(107,'Don','Bronisław',3,'KI','G','1987-10-08 00:00:00','2011-08-01 00:00:00','Gdańsk','ul. Bliska 6'),(108,'Lampe','Mirosław',3,'KI','G','1989-03-06 00:00:00','2013-09-01 00:00:00','Gdańsk','ul. Żydowska 5'),(109,'Lange','Michał',3,'KI','G','1991-04-10 00:00:00','2015-09-07 00:00:00','Gdańsk','ul. Szczecińska 2'),(110,'Ciechomski','Karol',3,'KI','G','1993-07-03 00:00:00','2015-10-01 00:00:00','Malbork','ul. Wojskowa 5'),(111,'Rolka','Piotr',3,'KI','G','1984-11-03 00:00:00','2015-11-01 00:00:00','Elbląg','ul. Szumna 3'),(112,'Bronkowski','Jan',2,'M ','G','1987-03-09 00:00:00','2011-01-08 00:00:00','Gdańsk','ul. Kochanowskiego 8g/2'),(113,'Kamieniarz','Lech',2,'M ','G','1988-11-02 00:00:00','2009-04-01 00:00:00','Sopot','ul. M. Konopnickiej 8b/8'),(114,'Santorski','Marek',2,'M ','G','1991-10-10 00:00:00','2016-01-03 00:00:00','Gdynia','ul. Koszalińska 5'),(115,'Polak','Robert',2,'O ','G','1984-06-04 00:00:00','2013-10-06 00:00:00','Gdańsk','ul. Uniwersytecka 6/1'),(116,'Łazarski','Janusz',3,'K ','G','1981-06-04 00:00:00','2010-11-05 00:00:00','Gdańsk','ul. Woliska 2'),(117,'Trafas','Katarzyna',3,'SP','G','1989-05-10 00:00:00','2010-04-02 00:00:00','Gdańsk','ul. Towarowa 4'),(118,'Miodek','Sabina',4,'S ','P','1989-05-10 00:00:00','2010-04-02 00:00:00','Poznań','ul. Falsita 3/6'),(119,'Rybarczyk','Aneta',4,'A ','P','1989-05-10 00:00:00','2011-04-02 00:00:00','Poznań','ul. Górczyńska 3'),(120,'Norek','Zuzanna',4,'KS','P','1990-05-10 00:00:00','2016-04-02 00:00:00','Poznań','ul. Piotrkowska 4'),(121,'Duczmal','Marek',2,'M ','P','1981-05-10 00:00:00','2015-04-02 00:00:00','Poznań','ul. Szamotulska 3'),(122,'Koźmiński','Olgierd',2,'O ','P','1990-05-10 00:00:00','2014-04-02 00:00:00','Tarnowo Podgórne','ul. Targowa 4'),(123,'Tomkowska','Julita',2,'SP','P','1988-05-10 00:00:00','2014-04-02 00:00:00','Szamotuły','ul. Półwiejska 3/1'),(124,'Dobrowolski','Michał',2,'M ','P','1985-05-10 00:00:00','2014-04-02 00:00:00','Poznań','Al. Marcinkowkiego 9/1'),(125,'Krata','Jacek',2,'M ','P','1987-05-10 00:00:00','2014-04-02 00:00:00','Poznań','ul. Zagórze 6a'),(126,'Mańczak','Kazimierz',1,'M ','P','1979-05-10 00:00:00','2014-04-02 00:00:00','Poznań','ul. Młyńska 78/9'),(127,'Bończak','Alina',1,'A ','P','1981-05-10 00:00:00','2014-04-02 00:00:00','Szamotuły','ul. Mylna 7'),(128,'Łazinka','Kamila',6,'K ','P','1985-05-10 00:00:00','2014-04-02 00:00:00','Poznań','ul. Dąbrowskiego 7/6'),(129,'Komorowska','Anna',6,'A ','P','1985-05-18 00:00:00','2011-04-02 00:00:00','Tarnowo Podgórne','os. Nowina 6'),(130,'Binkowska','Celina',6,'A ','P','1980-06-19 00:00:00','2014-04-02 00:00:00','Szamotuły','os. Kopernika 56b/7'),(131,'Kowalczyk','Agnieszka',7,'D ','P','1969-05-10 00:00:00','2009-04-02 00:00:00','Poznań','ul. Bułgarska 6c/129'),(132,'Kaczmarek','Katrzyna',7,'K ','P','1965-05-10 00:00:00','2010-04-02 00:00:00','Poznań','ul. Marszałkowska 78/4'),(133,'Niepiekły','Marta',7,'S ','P','1958-05-10 00:00:00','2008-04-02 00:00:00','Szamotuły','ul. Cześnikowska 45/2'),(134,'Nowakowska','Dominika',7,'H ','P','1979-05-10 00:00:00','2008-04-02 00:00:00','Poznań','ul. Wrocławska 6b/1'),(135,'Olechnowicz','Tomasz',7,'H ','P','1978-05-10 00:00:00','2014-04-02 00:00:00','Szamotuły','ul. Szkolna 6'),(136,'Miodowicz','Karol',7,'H ','P','1977-05-10 00:00:00','2015-04-02 00:00:00','Poznań','ul. Wyspiańskiego 5h/67'),(137,'Walentynowicz','Wanda',7,'H ','P','1970-05-10 00:00:00','2015-04-02 00:00:00','Poznań','ul. Matejki 6'),(138,'Cepor','Jolanta',7,'H ','P','1960-05-10 00:00:00','2016-04-02 00:00:00','Poznań','ul. Palmiarniana 5'),(139,'Maleńczuk','Dominika',5,'D ','P','1979-05-10 00:00:00','2014-03-10 00:00:00','Poznań','ul. Miodowa 4b/6'),(140,'Ciechowska','Katarzyna',5,'K ','P','1980-05-10 00:00:00','2014-02-11 00:00:00','Poznań','ul. Polanka 34/7'),(141,'Romanowska','Maria',5,'KS','P','1986-05-10 00:00:00','2014-09-05 00:00:00','Tarnowo Podgórne','ul. Brzask 6'),(142,'Łokaj','Barbara',5,'A ','P','1978-05-10 00:00:00','2012-05-01 00:00:00','Poznań','os. Wichrowe wzgórza 3'),(143,'Miller','Andrzej',5,'A ','P','1972-05-10 00:00:00','2012-04-01 00:00:00','Poznań','ul. Śniadeckich 6/5'),(144,'Kopyczyńska','Anna',5,'A ','P','1972-05-10 00:00:00','2012-04-04 00:00:00','Poznań','ul. Kaktusowa 5'),(145,'Kamińska','Aldona',5,'A ','P','1982-05-10 00:00:00','2014-04-06 00:00:00','Poznań','ul. Dębowa 4'),(146,'Mróz','Karolina',5,'A ','P','1975-05-10 00:00:00','2014-04-01 00:00:00','Poznań','ul. Świerczewo 8'),(147,'Lisiecki','Marcin',3,'K ','P','1976-11-11 00:00:00','2014-04-01 00:00:00','Poznań','ul. Górecka 6'),(148,'Pietras','Michał',3,'KI','P','1969-10-09 00:00:00','2014-03-02 00:00:00','Poznań','ul. Fredry 5'),(149,'Wawrzyniak','Karol',3,'KI','P','1966-01-09 00:00:00','2014-05-04 00:00:00','Poznań','ul. Gwarna 5c/4'),(150,'Gałaman','Zbigniew',3,'KI','P','1965-02-10 00:00:00','2011-07-02 00:00:00','Poznań','ul. Paderweskiego 6'),(151,'Bronkowski','Sebastian',3,'KI','P','1964-08-05 00:00:00','2011-04-12 00:00:00','Szamotuły','ul. Wielka 3/4'),(152,'Lutosławski','Ryszard',3,'KI','P','1980-07-04 00:00:00','2011-04-09 00:00:00','Poznań','ul. Krzywa 5c/3'),(153,'Kazmierski','Miłosz',3,'KI','P','1980-06-09 00:00:00','2011-06-02 00:00:00','Tarnowo Podgórne','ul. Krakowska 5'),(154,'Konopka','Rafał',3,'KI','P','1969-05-03 00:00:00','2011-05-06 00:00:00','Poznań','ul. Katowicka 5/5'),(155,'Błaszczyk','Łukasz',3,'KI','P','1979-05-01 00:00:00','2011-05-05 00:00:00','Plewiska','ul. Młodych 5'),(156,'Borczyk','Anna',1,'A ','P','1971-09-11 00:00:00','2013-01-05 00:00:00','Poznań','ul. Kolejowa 15'),(157,'Jaszcz','Jadwiga',1,'A ','P','1972-05-10 00:00:00','2016-01-05 00:00:00','Poznań','ul. Cmentarna 67c/3'),(158,'Walczak','Aneta',1,'D ','P','1973-03-07 00:00:00','2013-01-05 00:00:00','Poznań','ul. Miłostowska 6'),(159,'Kaczmarek','Agnieszka',1,'A ','P','1973-02-06 00:00:00','2012-01-05 00:00:00','Poznań','ul. Górna 51/4'),(160,'Kowalska','Małgorzata',1,'A ','P','1972-05-05 00:00:00','2012-01-05 00:00:00','Tarnowo Podgórne','os. Młodych 5c/12'),(161,'Rąbalski','Adam',5,'D ','W','1969-01-04 00:00:00','2015-03-02 00:00:00','Konstancin','ul. Leniwa 4'),(162,'Sianowska','Maria',5,'S ','W','1978-02-03 00:00:00','2010-06-01 00:00:00','Wieruszów','ul. Smoleńska 34g/23'),(163,'Wierke','Jolanta',5,'A ','W','1981-05-07 00:00:00','2010-06-01 00:00:00','Warszawa','ul. Polna 45/2'),(164,'Kruczek','Agnieszka',5,'A ','W','1982-09-06 00:00:00','2010-06-01 00:00:00','Milanówek','ul. Platynowa 3/5'),(165,'Grzybowska','Małgorzata',5,'A ','W','1980-11-05 00:00:00','2009-06-01 00:00:00','Warszawa','ul. Żelazna 5/8'),(166,'Lacka','Beata',5,'KS','W','1981-10-11 00:00:00','2010-06-01 00:00:00','Wilanowo','ul. Miedziana 5/123'),(167,'Milecki','Jan',2,'M ','W','1967-04-01 00:00:00','2011-07-01 00:00:00','Warszawa','Al. jerozolimskie 53/123 '),(168,'Lubicz','Marcin',2,'M ','W','1966-09-11 00:00:00','2009-07-01 00:00:00','Warszawa','ul. Senatorska 6'),(169,'Zaniemski','Jan',2,'M ','W','1990-04-12 00:00:00','2014-07-01 00:00:00','Warszawa','ul. Krakowska 5'),(170,'Kołacz','Monika',1,'A ','W','1993-07-09 00:00:00','2016-08-05 00:00:00','Warszawa','ul. Lwowska 56c/7'),(171,'Wrońska','Anna',1,'A ','W','1991-04-10 00:00:00','2014-08-05 00:00:00','Warszawa','ul. Kochanowskiego 9'),(172,'Jabłońska','Katrzyna',1,'A ','W','1980-03-05 00:00:00','2014-08-05 00:00:00','Warszawa','ul. Jesionowa 6'),(173,'Gruszecka','Magdalena',1,'A ','W','1981-02-05 00:00:00','2014-08-05 00:00:00','Wilanowo','ul. Dębowa 56f/7'),(174,'Śliwiński','Stanisław',6,'D ','W','1970-09-05 00:00:00','2013-09-01 00:00:00','Wilanowo','ul. Piastowska 6'),(175,'Adamiec','Agnieszka',6,'S ','W','1980-10-06 00:00:00','2012-09-01 00:00:00','Warszawa','ul. Jagielońska 5/12'),(176,'Badach','Maria',6,'A ','W','1978-09-11 00:00:00','2010-09-01 00:00:00','Warszawa','ul. Malwowa 4'),(177,'Stanuch','Katarzyna',6,'A ','W','1979-03-09 00:00:00','2015-09-01 00:00:00','Glapowice','ul. Grzybowa 3'),(178,'Baran','Katrzyna',6,'A ','W','1985-06-01 00:00:00','2010-09-01 00:00:00','Warszawa','ul. Kucharska 6'),(179,'Jędrych','Tomasz',3,'K ','W','1966-05-03 00:00:00','2013-02-01 00:00:00','Warszawa','ul. Woronicza 3'),(180,'Lorych','Jan',3,'KI','W','1967-06-05 00:00:00','2011-02-01 00:00:00','Warszawa','ul. Stokrotkowa 4'),(181,'Panke','Roman',3,'KI','W','1967-04-10 00:00:00','2014-02-01 00:00:00','Warszawa','ul. Junikowska 5'),(182,'Pochanke','Adam',3,'KI','W','1970-03-09 00:00:00','2010-02-01 00:00:00','Warszawa','ul. Czadowa 4'),(183,'Ziemkiewicz','Anna',4,'KS','W','1970-01-05 00:00:00','2016-06-10 00:00:00','Warszawa','ul. Koncertowa 104/5'),(184,'Zaremba','Patrycja',4,'KS','W','1971-01-05 00:00:00','2012-06-10 00:00:00','Warszawa','ul. Konsulowa 4'),(185,'Lis','Halina',4,'KS','W','1976-01-05 00:00:00','2010-06-10 00:00:00','Warszawa','ul. Radiowa 4'),(186,'Pracz','Małgorzata',4,'KS','W','1978-01-05 00:00:00','2008-06-10 00:00:00','Warszawa','ul. Monetarna 5c/4'),(187,'Fibaś','Agnieszka',4,'KS','W','1978-01-05 00:00:00','2008-06-10 00:00:00','Warszawa','ul. Dobra 4'),(188,'Janiak','Bogdan',2,'M ','K','1967-04-09 00:00:00','2009-01-01 00:00:00','Kraków','ul. Rolna 8'),(189,'Woźniak','Miłosz',2,'M ','K','1995-06-06 00:00:00','2013-01-01 00:00:00','Kraków','ul. Długa 41b/1'),(190,'Rach','Jan',2,'M ','K','1960-06-05 00:00:00','2008-01-01 00:00:00','Kraków','ul. Wielka 3/4'),(191,'Borak','Monika',5,'D ','SZ','1960-04-01 00:00:00','2009-05-01 00:00:00','Szczecin','ul. Marynarzy 6'),(192,'Karolak','Agnieszka',5,'S ','SZ','1978-05-08 00:00:00','2010-05-01 00:00:00','Police','ul. Morska 4/5'),(193,'Miła','Barbara',5,'A ','SZ','1980-03-07 00:00:00','2008-05-01 00:00:00','Szczecin','ul. Wojskowa 4'),(194,'Bogacki','Marcin',2,'M ','SZ','1967-10-04 00:00:00','2008-05-01 00:00:00','Szczecin','ul. Kwiatowa 3b/7'),(195,'Feruga','Jan',2,'M ','SZ','1978-09-02 00:00:00','2009-05-01 00:00:00','Szczecin','ul. Drzewiasta 6'),(196,'Bolny','Michał',2,'M ','SZ','1981-06-11 00:00:00','2010-05-01 00:00:00','Nowogard','ul. Malinowa 3/23'),(197,'Charcew','Kazimierz',2,'K ','SZ','1972-04-10 00:00:00','2014-05-01 00:00:00','Mosty','Mosty 6 '),(198,'Lubomski','Mariusz',3,'KI','SZ','1995-10-02 00:00:00','2013-05-01 00:00:00','Szczecin','ul. Parna 5'),(199,'Janerka','Lech',3,'KI','SZ','1967-05-05 00:00:00','2009-05-01 00:00:00','Szczecin','ul. Dolan 6/4'),(200,'Michalski','Franciszek',3,'KI','SZ','1966-04-06 00:00:00','2009-05-31 00:00:00','Szczecin','ul. Miła 3'),(201,'Matysiak','Katarzyna',4,'KS','WR','1978-08-06 00:00:00','2009-05-31 00:00:00','Wrocław','ul. Mragowska 5'),(202,'Jezierska','Anna',4,'KS','WR','1994-03-03 00:00:00','2013-05-10 00:00:00','Wrocław','ul. Milczanowska 4/4'),(203,'Kowalska','Maria',4,'KS','WR','1983-04-07 00:00:00','2009-05-01 00:00:00','Wrocław','ul. Kulawa 4'),(204,'Bromski','Jan',2,'M ','WR','1966-04-05 00:00:00','2008-05-10 00:00:00','Wrocław','ul. Całą 4/6'),(205,'Lichota','Tomasz',2,'M ','WR','1966-05-06 00:00:00','2009-05-02 00:00:00','Wrocław','ul. Dobra 6'),(206,'Bucholc','Adam',2,'M ','WR','1968-04-02 00:00:00','2010-05-02 00:00:00','Wrocław','ul. Wczorajsza 4'),(207,'Samusionek','Anna',1,'A ','WR','1976-01-04 00:00:00','2011-05-02 00:00:00','Wrocław','ul. Przyszła 2'),(208,'Pralczyk','Joanna',1,'A ','WR','1977-06-03 00:00:00','2013-05-02 00:00:00','Wrocław','ul. Jutrzejsza 3b/56'),(209,'Chojnicki','Maciej',8,'I ','WR','1973-06-06 00:00:00','2010-05-31 00:00:00','Wrocław','ul. Olimpijska 5'),(210,'Ustrzycki','Piotr',8,'I ','P','1974-06-06 00:00:00','2014-05-31 00:00:00','Poznań','ul. Sportowa 5/8'),(211,'Maciejewski','Grzegorz',8,'I ','G','1975-09-02 00:00:00','2008-05-02 00:00:00','Sopot','ul. Ławica 4/7'),(212,'Zając','Marcin',8,'I ','K','1976-06-05 00:00:00','2008-05-31 00:00:00','Kraków','ul. Czesłąwa 4'),(213,'Szymczak','Jarosław',8,'I ','SZ','1967-05-02 00:00:00','2009-05-11 00:00:00','Szczecin','ul. Piotrkowska 56/123'),(214,'Szymczak','Mariusz',8,'I ','W','1980-10-04 00:00:00','2010-05-10 00:00:00','Warszawa','ul. Komputerowa 6/12');
/*!40000 ALTER TABLE `pracownicy_bak` ENABLE KEYS */;
UNLOCK TABLES;

--
-- Table structure for table `premie`
--

DROP TABLE IF EXISTS `premie`;
/*!40101 SET @saved_cs_client     = @@character_set_client */;
/*!40101 SET character_set_client = utf8 */;
CREATE TABLE `premie` (
  `IdPracownika` int(11) NOT NULL,
  `Rok` int(11) NOT NULL,
  `Miesiac` int(11) NOT NULL,
  `Procent` double DEFAULT NULL
) ENGINE=MyISAM DEFAULT CHARSET=utf8;
/*!40101 SET character_set_client = @saved_cs_client */;

--
-- Dumping data for table `premie`
--

LOCK TABLES `premie` WRITE;
/*!40000 ALTER TABLE `premie` DISABLE KEYS */;
INSERT INTO `premie` VALUES (1,2015,1,0),(1,2015,2,NULL),(1,2015,3,NULL),(1,2015,4,NULL),(1,2015,5,NULL),(1,2015,6,NULL),(1,2015,7,NULL),(1,2015,8,NULL),(1,2015,9,NULL),(1,2015,10,NULL),(1,2015,11,NULL),(1,2015,12,NULL),(3,2015,1,NULL),(3,2015,2,NULL),(3,2015,3,0),(3,2015,4,0),(3,2015,5,0),(3,2015,6,0),(3,2015,7,0),(3,2015,8,0),(3,2015,9,0),(3,2015,10,0),(3,2015,11,0),(3,2015,12,0),(4,2015,1,0),(4,2015,2,0),(4,2015,3,0),(4,2015,4,0),(4,2015,5,0),(4,2015,6,0),(4,2015,7,0),(4,2015,8,0),(4,2015,9,0),(4,2015,10,0),(4,2015,11,0),(4,2015,12,0),(5,2015,1,0),(5,2015,2,0),(5,2015,3,0),(5,2015,4,0),(5,2015,5,0),(5,2015,6,0),(5,2015,7,0),(5,2015,8,0),(5,2015,9,0),(5,2015,10,0),(5,2015,11,0),(5,2015,12,1),(6,2015,1,0),(6,2015,2,0),(6,2015,3,0),(6,2015,4,0),(6,2015,5,0),(6,2015,6,0),(6,2015,7,0),(6,2015,8,0),(6,2015,9,0),(6,2015,10,0),(6,2015,11,0),(6,2015,12,0),(7,2015,1,0),(7,2015,2,0),(7,2015,3,0),(7,2015,4,0),(7,2015,5,0),(7,2015,6,0),(7,2015,7,0),(7,2015,8,0),(7,2015,9,0),(7,2015,10,0),(7,2015,11,0),(7,2015,12,0),(8,2015,1,0),(8,2015,2,0),(8,2015,3,0),(8,2015,4,0),(8,2015,5,0),(8,2015,6,0),(8,2015,7,0),(8,2015,8,0),(8,2015,9,0),(8,2015,10,1),(8,2015,11,0),(8,2015,12,0),(9,2015,1,0),(9,2015,2,0),(9,2015,3,0),(9,2015,4,0),(9,2015,5,0),(9,2015,6,0),(9,2015,7,0),(9,2015,8,0),(9,2015,9,0),(9,2015,10,0),(9,2015,11,0),(9,2015,12,0),(10,2015,1,0),(10,2015,2,0),(10,2015,3,0),(10,2015,4,0),(10,2015,5,0),(10,2015,6,0),(10,2015,7,0),(10,2015,8,0),(10,2015,9,0),(10,2015,10,0),(10,2015,11,0),(10,2015,12,0),(11,2015,1,0),(11,2015,2,0),(11,2015,3,0),(11,2015,4,0),(11,2015,5,0),(11,2015,6,0),(11,2015,7,0),(11,2015,8,0),(11,2015,9,1),(11,2015,10,0),(11,2015,11,0),(11,2015,12,0),(12,2015,1,0),(12,2015,2,1),(12,2015,3,1),(12,2015,4,0),(12,2015,5,0),(12,2015,6,1),(12,2015,7,0),(12,2015,8,0),(12,2015,9,0),(12,2015,10,0),(12,2015,11,1),(12,2015,12,0),(13,2015,1,0),(13,2015,2,0),(13,2015,3,0),(13,2015,4,0),(13,2015,5,0),(13,2015,6,0),(13,2015,7,0),(13,2015,8,0),(13,2015,9,0),(13,2015,10,0),(13,2015,11,0),(13,2015,12,0),(14,2015,1,0),(14,2015,2,0),(14,2015,3,0),(14,2015,4,0),(14,2015,5,0),(14,2015,6,1),(14,2015,7,0),(14,2015,8,0),(14,2015,9,0),(14,2015,10,0),(14,2015,11,1),(14,2015,12,0),(15,2015,1,0),(15,2015,2,0),(15,2015,3,0),(15,2015,4,0),(15,2015,5,0),(15,2015,6,0),(15,2015,7,0),(15,2015,8,0),(15,2015,9,0),(15,2015,10,0),(15,2015,11,1),(15,2015,12,0),(16,2015,1,0),(16,2015,2,0),(16,2015,3,0),(16,2015,4,0),(16,2015,5,0),(16,2015,6,0),(16,2015,7,0),(16,2015,8,0),(16,2015,9,0),(16,2015,10,0),(16,2015,11,0),(16,2015,12,0),(17,2015,1,0),(17,2015,2,0),(17,2015,3,0),(17,2015,4,0),(17,2015,5,0),(17,2015,6,0),(17,2015,7,0),(17,2015,8,0),(17,2015,9,0),(17,2015,10,0),(17,2015,11,0),(17,2015,12,0),(18,2015,1,0),(18,2015,2,0),(18,2015,3,0),(18,2015,4,0),(18,2015,5,0),(18,2015,6,0),(18,2015,7,0),(18,2015,8,0),(18,2015,9,1),(18,2015,10,0),(18,2015,11,0),(18,2015,12,0),(19,2015,1,1),(19,2015,2,0),(19,2015,3,0),(19,2015,4,0),(19,2015,5,0),(19,2015,6,0),(19,2015,7,0),(19,2015,8,0),(19,2015,9,0),(19,2015,10,0),(19,2015,11,0),(19,2015,12,0),(20,2015,1,0),(20,2015,2,0),(20,2015,3,0),(20,2015,4,0),(20,2015,5,0),(20,2015,6,0),(20,2015,7,0),(20,2015,8,0),(20,2015,9,0),(20,2015,10,0),(20,2015,11,0),(20,2015,12,0),(21,2015,1,0),(21,2015,2,0),(21,2015,3,0),(21,2015,4,0),(21,2015,5,0),(21,2015,6,1),(21,2015,7,0),(21,2015,8,0),(21,2015,9,0),(21,2015,10,0),(21,2015,11,0),(21,2015,12,0),(22,2015,1,0),(22,2015,2,0),(22,2015,3,0),(22,2015,4,0),(22,2015,5,0),(22,2015,6,0),(22,2015,7,0),(22,2015,8,0),(22,2015,9,0),(22,2015,10,0),(22,2015,11,0),(22,2015,12,0),(23,2015,1,0),(23,2015,2,0),(23,2015,3,0),(23,2015,4,1),(23,2015,5,0),(23,2015,6,0),(23,2015,7,0),(23,2015,8,0),(23,2015,9,0),(23,2015,10,0),(23,2015,11,0),(23,2015,12,1),(26,2015,1,0),(26,2015,2,0),(26,2015,3,0),(26,2015,4,0),(26,2015,5,0),(26,2015,6,0),(26,2015,7,0),(26,2015,8,0),(26,2015,9,0),(26,2015,10,0),(26,2015,11,0),(26,2015,12,0),(27,2015,1,0),(27,2015,2,0),(27,2015,3,0),(27,2015,4,0),(27,2015,5,0),(27,2015,6,0),(27,2015,7,0),(27,2015,8,0),(27,2015,9,0),(27,2015,10,0),(27,2015,11,0),(27,2015,12,0),(28,2015,1,0),(28,2015,2,0),(28,2015,3,0),(28,2015,4,0),(28,2015,5,0),(28,2015,6,0),(28,2015,7,0),(28,2015,8,0),(28,2015,9,0),(28,2015,10,0),(28,2015,11,0),(28,2015,12,0),(29,2015,1,0),(29,2015,2,0),(29,2015,3,0),(29,2015,4,0),(29,2015,5,0),(29,2015,6,0),(29,2015,7,0),(29,2015,8,0),(29,2015,9,0),(29,2015,10,0),(29,2015,11,0),(29,2015,12,0),(30,2015,1,0),(30,2015,2,0),(30,2015,3,0),(30,2015,4,0),(30,2015,5,0),(30,2015,6,0),(30,2015,7,0),(30,2015,8,0),(30,2015,9,0),(30,2015,10,0),(30,2015,11,0),(30,2015,12,0),(31,2015,1,0),(31,2015,2,0),(31,2015,3,0),(31,2015,4,0),(31,2015,5,0),(31,2015,6,0),(31,2015,7,0),(31,2015,8,0),(31,2015,9,0),(31,2015,10,0),(31,2015,11,0),(31,2015,12,0),(32,2015,1,0),(32,2015,2,0),(32,2015,3,0),(32,2015,4,0),(32,2015,5,0),(32,2015,6,0),(32,2015,7,0),(32,2015,8,0),(32,2015,9,0),(32,2015,10,0),(32,2015,11,1),(32,2015,12,0),(33,2015,1,0),(33,2015,2,0),(33,2015,3,0),(33,2015,4,0),(33,2015,5,0),(33,2015,6,0),(33,2015,7,0),(33,2015,8,0),(33,2015,9,0),(33,2015,10,0),(33,2015,11,0),(33,2015,12,0),(34,2015,1,0),(34,2015,2,0),(34,2015,3,0),(34,2015,4,0),(34,2015,5,1),(34,2015,6,1),(34,2015,7,0),(34,2015,8,0),(34,2015,9,0),(34,2015,10,0),(34,2015,11,0),(34,2015,12,0),(35,2015,1,0),(35,2015,2,0),(35,2015,3,0),(35,2015,4,0),(35,2015,5,0),(35,2015,6,0),(35,2015,7,0),(35,2015,8,0),(35,2015,9,0),(35,2015,10,0),(35,2015,11,0),(35,2015,12,0),(36,2015,1,0),(36,2015,2,0),(36,2015,3,0),(36,2015,4,0),(36,2015,5,0),(36,2015,6,0),(36,2015,7,0),(36,2015,8,0),(36,2015,9,1),(36,2015,10,0),(36,2015,11,0),(36,2015,12,0),(37,2015,1,0),(37,2015,2,0),(37,2015,3,0),(37,2015,4,1),(37,2015,5,0),(37,2015,6,0),(37,2015,7,0),(37,2015,8,0),(37,2015,9,1),(37,2015,10,0),(37,2015,11,0),(37,2015,12,0),(38,2015,1,0),(38,2015,2,0),(38,2015,3,1),(38,2015,4,0),(38,2015,5,0),(38,2015,6,0),(38,2015,7,0),(38,2015,8,0),(38,2015,9,0),(38,2015,10,0),(38,2015,11,0),(38,2015,12,0),(39,2015,1,0),(39,2015,2,0),(39,2015,3,0),(39,2015,4,0),(39,2015,5,0),(39,2015,6,0),(39,2015,7,0),(39,2015,8,0),(39,2015,9,0),(39,2015,10,0),(39,2015,11,0),(39,2015,12,0),(40,2015,1,0),(40,2015,2,0),(40,2015,3,0),(40,2015,4,0),(40,2015,5,0),(40,2015,6,0),(40,2015,7,0),(40,2015,8,0),(40,2015,9,0),(40,2015,10,1),(40,2015,11,0),(40,2015,12,0),(42,2015,1,0),(42,2015,2,0),(42,2015,3,0),(42,2015,4,0),(42,2015,5,0),(42,2015,6,1),(42,2015,7,0),(42,2015,8,0),(42,2015,9,0),(42,2015,10,0),(42,2015,11,0),(42,2015,12,0),(43,2015,1,0),(43,2015,2,0),(43,2015,3,0),(43,2015,4,0),(43,2015,5,0),(43,2015,6,0),(43,2015,7,1),(43,2015,8,0),(43,2015,9,0),(43,2015,10,0),(43,2015,11,0),(43,2015,12,0),(44,2015,1,0),(44,2015,2,0),(44,2015,3,0),(44,2015,4,1),(44,2015,5,0),(44,2015,6,0),(44,2015,7,0),(44,2015,8,0),(44,2015,9,0),(44,2015,10,0),(44,2015,11,0),(44,2015,12,1),(45,2015,1,0),(45,2015,2,0),(45,2015,3,0),(45,2015,4,0),(45,2015,5,0),(45,2015,6,0),(45,2015,7,0),(45,2015,8,0),(45,2015,9,0),(45,2015,10,0),(45,2015,11,0),(45,2015,12,0),(46,2015,1,0),(46,2015,2,0),(46,2015,3,0),(46,2015,4,1),(46,2015,5,0),(46,2015,6,0),(46,2015,7,0),(46,2015,8,0),(46,2015,9,0),(46,2015,10,0),(46,2015,11,0),(46,2015,12,0),(47,2015,1,0),(47,2015,2,0),(47,2015,3,0),(47,2015,4,0),(47,2015,5,0),(47,2015,6,0),(47,2015,7,0),(47,2015,8,0),(47,2015,9,0),(47,2015,10,0),(47,2015,11,0),(47,2015,12,0),(48,2015,1,0),(48,2015,2,0),(48,2015,3,0),(48,2015,4,0),(48,2015,5,0),(48,2015,6,0),(48,2015,7,0),(48,2015,8,0),(48,2015,9,0),(48,2015,10,0),(48,2015,11,0),(48,2015,12,0),(49,2015,1,0),(49,2015,2,0),(49,2015,3,0),(49,2015,4,0),(49,2015,5,0),(49,2015,6,0),(49,2015,7,0),(49,2015,8,0),(49,2015,9,0),(49,2015,10,0),(49,2015,11,0),(49,2015,12,0),(50,2015,1,0),(50,2015,2,0),(50,2015,3,0),(50,2015,4,0),(50,2015,5,0),(50,2015,6,0),(50,2015,7,0),(50,2015,8,0),(50,2015,9,0),(50,2015,10,0),(50,2015,11,1),(50,2015,12,0),(51,2015,1,0),(51,2015,2,0),(51,2015,3,0),(51,2015,4,0),(51,2015,5,0),(51,2015,6,0),(51,2015,7,0),(51,2015,8,0),(51,2015,9,0),(51,2015,10,0),(51,2015,11,0),(51,2015,12,0),(52,2015,6,0),(52,2015,7,0),(52,2015,8,0),(52,2015,9,0),(52,2015,10,0),(52,2015,11,0),(52,2015,12,0),(53,2015,1,0),(53,2015,2,0),(53,2015,3,0),(53,2015,4,0),(53,2015,5,0),(53,2015,6,1),(53,2015,7,0),(53,2015,8,0),(53,2015,9,0),(53,2015,10,0),(53,2015,11,0),(53,2015,12,0),(54,2015,1,0),(54,2015,2,0),(54,2015,3,0),(54,2015,4,0),(54,2015,5,1),(54,2015,6,0),(54,2015,7,0),(54,2015,8,0),(54,2015,9,0),(54,2015,10,0),(54,2015,11,0),(54,2015,12,0),(55,2015,1,0),(55,2015,2,0),(55,2015,3,0),(55,2015,4,0),(55,2015,5,0),(55,2015,6,0),(55,2015,7,0),(55,2015,8,0),(55,2015,9,1),(55,2015,10,0),(55,2015,11,0),(55,2015,12,0),(56,2015,1,0),(56,2015,2,0),(56,2015,3,0),(56,2015,4,0),(56,2015,5,0),(56,2015,6,0),(56,2015,7,0),(56,2015,8,0),(56,2015,9,0),(56,2015,10,0),(56,2015,11,0),(56,2015,12,0),(57,2015,1,0),(57,2015,2,0),(57,2015,3,0),(57,2015,4,0),(57,2015,5,0),(57,2015,6,0),(57,2015,7,0),(57,2015,8,0),(57,2015,9,0),(57,2015,10,0),(57,2015,11,0),(57,2015,12,0),(58,2015,1,0),(58,2015,2,1),(58,2015,3,1),(58,2015,4,0),(58,2015,5,0),(58,2015,6,0),(58,2015,7,0),(58,2015,8,0),(58,2015,9,0),(58,2015,10,0),(58,2015,11,0),(58,2015,12,0),(59,2015,1,0),(59,2015,2,0),(59,2015,3,0),(59,2015,4,0),(59,2015,5,0),(59,2015,6,0),(59,2015,7,0),(59,2015,8,0),(59,2015,9,0),(59,2015,10,0),(59,2015,11,0),(59,2015,12,0),(60,2015,1,0),(60,2015,2,0),(60,2015,3,0),(60,2015,4,0),(60,2015,5,0),(60,2015,6,0),(60,2015,7,0),(60,2015,8,0),(60,2015,9,0),(60,2015,10,0),(60,2015,11,0),(60,2015,12,0),(61,2015,1,0),(61,2015,2,0),(61,2015,3,0),(61,2015,4,0),(61,2015,5,0),(61,2015,6,0),(61,2015,7,0),(61,2015,8,0),(61,2015,9,0),(61,2015,10,0),(61,2015,11,0),(61,2015,12,0),(62,2015,1,0),(62,2015,2,0),(62,2015,3,0),(62,2015,4,0),(62,2015,5,0),(62,2015,6,0),(62,2015,7,0),(62,2015,8,0),(62,2015,9,0),(62,2015,10,0),(62,2015,11,0),(62,2015,12,0),(63,2015,1,0),(63,2015,2,0),(63,2015,3,0),(63,2015,4,0),(63,2015,5,0),(63,2015,6,0),(63,2015,7,0),(63,2015,8,0),(63,2015,9,0),(63,2015,10,0),(63,2015,11,0),(63,2015,12,0),(64,2015,1,0),(64,2015,2,0),(64,2015,3,0),(64,2015,4,0),(64,2015,5,0),(64,2015,6,0),(64,2015,7,0),(64,2015,8,0),(64,2015,9,0),(64,2015,10,0),(64,2015,11,0),(64,2015,12,0),(65,2015,1,0),(65,2015,2,0),(65,2015,3,0),(65,2015,4,0),(65,2015,5,0),(65,2015,6,0),(65,2015,7,0),(65,2015,8,0),(65,2015,9,0),(65,2015,10,0),(65,2015,11,0),(65,2015,12,0),(66,2015,1,0),(66,2015,2,0),(66,2015,3,0),(66,2015,4,0),(66,2015,5,0),(66,2015,6,0),(66,2015,7,0),(66,2015,8,0),(66,2015,9,0),(66,2015,10,0),(66,2015,11,0),(66,2015,12,0),(67,2015,1,0),(67,2015,2,0),(67,2015,3,0),(67,2015,4,0),(67,2015,5,0),(67,2015,6,0),(67,2015,7,0),(67,2015,8,0),(67,2015,9,0),(67,2015,10,0),(67,2015,11,1),(67,2015,12,0),(68,2015,1,0),(68,2015,2,0),(68,2015,3,0),(68,2015,4,0),(68,2015,5,0),(68,2015,6,0),(68,2015,7,0),(68,2015,8,0),(68,2015,9,0),(68,2015,10,0),(68,2015,11,0),(68,2015,12,0),(69,2015,1,0),(69,2015,2,0),(69,2015,3,0),(69,2015,4,0),(69,2015,5,0),(69,2015,6,0),(69,2015,7,0),(69,2015,8,0),(69,2015,9,0),(69,2015,10,0),(69,2015,11,0),(69,2015,12,0),(70,2015,9,0),(70,2015,10,0),(70,2015,11,0),(70,2015,12,0),(71,2015,1,1),(71,2015,2,0),(71,2015,3,0),(71,2015,4,0),(71,2015,5,0),(71,2015,6,0),(71,2015,7,0),(71,2015,8,1),(71,2015,9,0),(71,2015,10,0),(71,2015,11,0),(71,2015,12,0),(72,2015,1,0),(72,2015,2,0),(72,2015,3,0),(72,2015,4,0),(72,2015,5,0),(72,2015,6,0),(72,2015,7,0),(72,2015,8,0),(72,2015,9,0),(72,2015,10,0),(72,2015,11,0),(72,2015,12,1),(75,2015,1,0),(75,2015,2,0),(75,2015,3,0),(75,2015,4,0),(75,2015,5,0),(75,2015,6,0),(75,2015,7,0),(75,2015,8,0),(75,2015,9,0),(75,2015,10,0),(75,2015,11,0),(75,2015,12,0),(76,2015,1,0),(76,2015,2,1),(76,2015,3,0),(76,2015,4,0),(76,2015,5,0),(76,2015,6,0),(76,2015,7,0),(76,2015,8,0),(76,2015,9,0),(76,2015,10,0),(76,2015,11,0),(76,2015,12,0),(77,2015,1,0),(77,2015,2,0),(77,2015,3,0),(77,2015,4,0),(77,2015,5,0),(77,2015,6,0),(77,2015,7,0),(77,2015,8,0),(77,2015,9,0),(77,2015,10,0),(77,2015,11,0),(77,2015,12,0),(78,2015,1,0),(78,2015,2,1),(78,2015,3,0),(78,2015,4,0),(78,2015,5,0),(78,2015,6,0),(78,2015,7,0),(78,2015,8,0),(78,2015,9,0),(78,2015,10,0),(78,2015,11,0),(78,2015,12,0),(79,2015,1,0),(79,2015,2,0),(79,2015,3,0),(79,2015,4,0),(79,2015,5,0),(79,2015,6,0),(79,2015,7,1),(79,2015,8,0),(79,2015,9,0),(79,2015,10,0),(79,2015,11,1),(79,2015,12,0),(80,2015,1,0),(80,2015,2,0),(80,2015,3,0),(80,2015,4,0),(80,2015,5,1),(80,2015,6,0),(80,2015,7,0),(80,2015,8,0),(80,2015,9,1),(80,2015,10,0),(80,2015,11,0),(80,2015,12,0),(81,2015,1,0),(81,2015,2,0),(81,2015,3,0),(81,2015,4,0),(81,2015,5,0),(81,2015,6,0),(81,2015,7,0),(81,2015,8,0),(81,2015,9,0),(81,2015,10,0),(81,2015,11,0),(81,2015,12,0),(82,2015,1,0),(82,2015,2,0),(82,2015,3,0),(82,2015,4,0),(82,2015,5,0),(82,2015,6,0),(82,2015,7,0),(82,2015,8,0),(82,2015,9,0),(82,2015,10,1),(82,2015,11,0),(82,2015,12,0),(83,2015,1,0),(83,2015,2,0),(83,2015,3,0),(83,2015,4,0),(83,2015,5,0),(83,2015,6,0),(83,2015,7,0),(83,2015,8,0),(83,2015,9,0),(83,2015,10,0),(83,2015,11,0),(83,2015,12,0),(84,2015,1,0),(84,2015,2,1),(84,2015,3,0),(84,2015,4,0),(84,2015,5,0),(84,2015,6,1),(84,2015,7,0),(84,2015,8,0),(84,2015,9,0),(84,2015,10,0),(84,2015,11,0),(84,2015,12,0),(85,2015,9,0),(85,2015,10,0),(85,2015,11,0),(85,2015,12,0),(86,2015,1,0),(86,2015,2,1),(86,2015,3,0),(86,2015,4,0),(86,2015,5,0),(86,2015,6,0),(86,2015,7,0),(86,2015,8,0),(86,2015,9,0),(86,2015,10,0),(86,2015,11,0),(86,2015,12,0),(87,2015,1,0),(87,2015,2,0),(87,2015,3,0),(87,2015,4,0),(87,2015,5,0),(87,2015,6,0),(87,2015,7,0),(87,2015,8,0),(87,2015,9,0),(87,2015,10,0),(87,2015,11,0),(87,2015,12,1),(88,2015,1,0),(88,2015,2,0),(88,2015,3,0),(88,2015,4,0),(88,2015,5,0),(88,2015,6,0),(88,2015,7,0),(88,2015,8,0),(88,2015,9,0),(88,2015,10,0),(88,2015,11,0),(88,2015,12,0),(89,2015,1,0),(89,2015,2,0),(89,2015,3,0),(89,2015,4,0),(89,2015,5,0),(89,2015,6,0),(89,2015,7,0),(89,2015,8,0),(89,2015,9,0),(89,2015,10,1),(89,2015,11,0),(89,2015,12,0),(90,2015,1,0),(90,2015,2,0),(90,2015,3,0),(90,2015,4,0),(90,2015,5,0),(90,2015,6,0),(90,2015,7,0),(90,2015,8,0),(90,2015,9,0),(90,2015,10,0),(90,2015,11,0),(90,2015,12,0),(91,2015,1,0),(91,2015,2,0),(91,2015,3,1),(91,2015,4,0),(91,2015,5,1),(91,2015,6,0),(91,2015,7,0),(91,2015,8,0),(91,2015,9,0),(91,2015,10,0),(91,2015,11,0),(91,2015,12,0),(92,2015,1,0),(92,2015,2,0),(92,2015,3,0),(92,2015,4,0),(92,2015,5,0),(92,2015,6,0),(92,2015,7,0),(92,2015,8,0),(92,2015,9,0),(92,2015,10,0),(92,2015,11,0),(92,2015,12,0),(93,2015,1,0),(93,2015,2,0),(93,2015,3,0),(93,2015,4,0),(93,2015,5,0),(93,2015,6,0),(93,2015,7,0),(93,2015,8,0),(93,2015,9,0),(93,2015,10,0),(93,2015,11,0),(93,2015,12,0),(94,2015,1,1),(94,2015,2,0),(94,2015,3,0),(94,2015,4,0),(94,2015,5,0),(94,2015,6,0),(94,2015,7,0),(94,2015,8,1),(94,2015,9,0),(94,2015,10,0),(94,2015,11,0),(94,2015,12,0),(97,2015,1,1),(97,2015,2,0),(97,2015,3,0),(97,2015,4,0),(97,2015,5,0),(97,2015,6,0),(97,2015,7,0),(97,2015,8,0),(97,2015,9,0),(97,2015,10,1),(97,2015,11,0),(97,2015,12,1),(98,2015,1,1),(98,2015,2,0),(98,2015,3,0),(98,2015,4,0),(98,2015,5,0),(98,2015,6,0),(98,2015,7,0),(98,2015,8,0),(98,2015,9,0),(98,2015,10,0),(98,2015,11,0),(98,2015,12,0),(99,2015,1,0),(99,2015,2,0),(99,2015,3,0),(99,2015,4,0),(99,2015,5,0),(99,2015,6,0),(99,2015,7,0),(99,2015,8,0),(99,2015,9,0),(99,2015,10,0),(99,2015,11,0),(99,2015,12,0),(100,2015,1,0),(100,2015,2,0),(100,2015,3,0),(100,2015,4,0),(100,2015,5,0),(100,2015,6,0),(100,2015,7,0),(100,2015,8,0),(100,2015,9,1),(100,2015,10,0),(100,2015,11,0),(100,2015,12,0),(101,2015,1,0),(101,2015,2,0),(101,2015,3,0),(101,2015,4,0),(101,2015,5,0),(101,2015,6,0),(101,2015,7,0),(101,2015,8,0),(101,2015,9,0),(101,2015,10,0),(101,2015,11,0),(101,2015,12,0),(102,2015,1,0),(102,2015,2,0),(102,2015,3,0),(102,2015,4,0),(102,2015,5,0),(102,2015,6,0),(102,2015,7,0),(102,2015,8,0),(102,2015,9,0),(102,2015,10,0),(102,2015,11,0),(102,2015,12,0),(105,2015,9,0),(105,2015,10,0),(105,2015,11,1),(105,2015,12,0),(106,2015,1,0),(106,2015,2,0),(106,2015,3,0),(106,2015,4,0),(106,2015,5,0),(106,2015,6,0),(106,2015,7,0),(106,2015,8,0),(106,2015,9,0),(106,2015,10,0),(106,2015,11,1),(106,2015,12,0),(107,2015,1,0),(107,2015,2,0),(107,2015,3,0),(107,2015,4,0),(107,2015,5,0),(107,2015,6,0),(107,2015,7,0),(107,2015,8,1),(107,2015,9,0),(107,2015,10,0),(107,2015,11,0),(107,2015,12,0),(108,2015,1,0),(108,2015,2,0),(108,2015,3,0),(108,2015,4,0),(108,2015,5,0),(108,2015,6,0),(108,2015,7,0),(108,2015,8,0),(108,2015,9,0),(108,2015,10,0),(108,2015,11,0),(108,2015,12,1),(112,2015,1,0),(112,2015,2,0),(112,2015,3,0),(112,2015,4,0),(112,2015,5,0),(112,2015,6,0),(112,2015,7,0),(112,2015,8,0),(112,2015,9,0),(112,2015,10,0),(112,2015,11,0),(112,2015,12,0),(113,2015,1,0),(113,2015,2,0),(113,2015,3,0),(113,2015,4,0),(113,2015,5,0),(113,2015,6,0),(113,2015,7,0),(113,2015,8,0),(113,2015,9,0),(113,2015,10,1),(113,2015,11,0),(113,2015,12,0),(115,2015,1,0),(115,2015,2,0),(115,2015,3,0),(115,2015,4,0),(115,2015,5,0),(115,2015,6,0),(115,2015,7,0),(115,2015,8,0),(115,2015,9,1),(115,2015,10,0),(115,2015,11,0),(115,2015,12,0),(116,2015,1,1),(116,2015,2,0),(116,2015,3,0),(116,2015,4,0),(116,2015,5,0),(116,2015,6,0),(116,2015,7,0),(116,2015,8,0),(116,2015,9,0),(116,2015,10,0),(116,2015,11,0),(116,2015,12,0),(117,2015,1,0),(117,2015,2,0),(117,2015,3,0),(117,2015,4,0),(117,2015,5,0),(117,2015,6,0),(117,2015,7,0),(117,2015,8,0),(117,2015,9,0),(117,2015,10,0),(117,2015,11,0),(117,2015,12,0),(118,2015,1,0),(118,2015,2,0),(118,2015,3,0),(118,2015,4,0),(118,2015,5,0),(118,2015,6,0),(118,2015,7,0),(118,2015,8,0),(118,2015,9,0),(118,2015,10,0),(118,2015,11,0),(118,2015,12,0),(119,2015,1,0),(119,2015,2,1),(119,2015,3,0),(119,2015,4,0),(119,2015,5,0),(119,2015,6,0),(119,2015,7,0),(119,2015,8,0),(119,2015,9,1),(119,2015,10,0),(119,2015,11,0),(119,2015,12,0),(121,2015,9,0),(121,2015,10,0),(121,2015,11,0),(121,2015,12,0),(122,2015,1,0),(122,2015,2,0),(122,2015,3,0),(122,2015,4,0),(122,2015,5,0),(122,2015,6,0),(122,2015,7,0),(122,2015,8,0),(122,2015,9,0),(122,2015,10,0),(122,2015,11,0),(122,2015,12,0),(123,2015,1,0),(123,2015,2,0),(123,2015,3,0),(123,2015,4,0),(123,2015,5,0),(123,2015,6,0),(123,2015,7,0),(123,2015,8,0),(123,2015,9,0),(123,2015,10,0),(123,2015,11,0),(123,2015,12,0),(124,2015,1,0),(124,2015,2,0),(124,2015,3,0),(124,2015,4,0),(124,2015,5,0),(124,2015,6,0),(124,2015,7,0),(124,2015,8,0),(124,2015,9,0),(124,2015,10,0),(124,2015,11,0),(124,2015,12,0),(125,2015,1,0),(125,2015,2,0),(125,2015,3,0),(125,2015,4,0),(125,2015,5,0),(125,2015,6,0),(125,2015,7,0),(125,2015,8,0),(125,2015,9,0),(125,2015,10,0),(125,2015,11,0),(125,2015,12,0),(126,2015,1,0),(126,2015,2,0),(126,2015,3,0),(126,2015,4,0),(126,2015,5,0),(126,2015,6,0),(126,2015,7,0),(126,2015,8,0),(126,2015,9,0),(126,2015,10,0),(126,2015,11,0),(126,2015,12,0),(127,2015,1,0),(127,2015,2,0),(127,2015,3,0),(127,2015,4,0),(127,2015,5,0),(127,2015,6,0),(127,2015,7,0),(127,2015,8,0),(127,2015,9,1),(127,2015,10,0),(127,2015,11,0),(127,2015,12,0),(128,2015,1,0),(128,2015,2,0),(128,2015,3,0),(128,2015,4,0),(128,2015,5,0),(128,2015,6,0),(128,2015,7,0),(128,2015,8,0),(128,2015,9,0),(128,2015,10,0),(128,2015,11,0),(128,2015,12,0),(129,2015,1,0),(129,2015,2,0),(129,2015,3,0),(129,2015,4,0),(129,2015,5,0),(129,2015,6,0),(129,2015,7,0),(129,2015,8,0),(129,2015,9,0),(129,2015,10,0),(129,2015,11,0),(129,2015,12,0),(130,2015,1,0),(130,2015,2,0),(130,2015,3,0),(130,2015,4,0),(130,2015,5,0),(130,2015,6,0),(130,2015,7,0),(130,2015,8,0),(130,2015,9,0),(130,2015,10,0),(130,2015,11,0),(130,2015,12,0),(131,2015,1,0),(131,2015,2,0),(131,2015,3,0),(131,2015,4,0),(131,2015,5,0),(131,2015,6,0),(131,2015,7,0),(131,2015,8,0),(131,2015,9,0),(131,2015,10,0),(131,2015,11,0),(131,2015,12,0),(132,2015,1,0),(132,2015,2,0),(132,2015,3,0),(132,2015,4,0),(132,2015,5,0),(132,2015,6,0),(132,2015,7,0),(132,2015,8,0),(132,2015,9,0),(132,2015,10,0),(132,2015,11,0),(132,2015,12,0),(133,2015,1,0),(133,2015,2,0),(133,2015,3,0),(133,2015,4,0),(133,2015,5,0),(133,2015,6,0),(133,2015,7,0),(133,2015,8,0),(133,2015,9,0),(133,2015,10,0),(133,2015,11,0),(133,2015,12,0),(134,2015,1,0),(134,2015,2,0),(134,2015,3,0),(134,2015,4,0),(134,2015,5,0),(134,2015,6,0),(134,2015,7,0),(134,2015,8,0),(134,2015,9,0),(134,2015,10,0),(134,2015,11,0),(134,2015,12,0),(135,2015,1,0),(135,2015,2,0),(135,2015,3,0),(135,2015,4,0),(135,2015,5,0),(135,2015,6,0),(135,2015,7,0),(135,2015,8,0),(135,2015,9,1),(135,2015,10,0),(135,2015,11,0),(135,2015,12,0),(136,2015,9,0),(136,2015,10,0),(136,2015,11,0),(136,2015,12,0),(137,2015,1,0),(137,2015,2,0),(137,2015,3,0),(137,2015,4,1),(137,2015,5,0),(137,2015,6,0),(137,2015,7,0),(137,2015,8,0),(137,2015,9,0),(137,2015,10,0),(137,2015,11,0),(137,2015,12,1),(139,2015,1,0),(139,2015,2,0),(139,2015,3,0),(139,2015,4,0),(139,2015,5,0),(139,2015,6,0),(139,2015,7,0),(139,2015,8,0),(139,2015,9,0),(139,2015,10,0),(139,2015,11,0),(139,2015,12,0),(140,2015,1,0),(140,2015,2,0),(140,2015,3,0),(140,2015,4,0),(140,2015,5,0),(140,2015,6,0),(140,2015,7,0),(140,2015,8,0),(140,2015,9,0),(140,2015,10,0),(140,2015,11,0),(140,2015,12,1),(141,2015,1,0),(141,2015,2,0),(141,2015,3,0),(141,2015,4,0),(141,2015,5,0),(141,2015,6,0),(141,2015,7,0),(141,2015,8,0),(141,2015,9,0),(141,2015,10,0),(141,2015,11,0),(141,2015,12,0),(142,2015,1,0),(142,2015,2,0),(142,2015,3,0),(142,2015,4,0),(142,2015,5,0),(142,2015,6,0),(142,2015,7,0),(142,2015,8,0),(142,2015,9,0),(142,2015,10,0),(142,2015,11,0),(142,2015,12,0),(143,2015,1,1),(143,2015,2,0),(143,2015,3,0),(143,2015,4,0),(143,2015,5,0),(143,2015,6,0),(143,2015,7,0),(143,2015,8,0),(143,2015,9,0),(143,2015,10,0),(143,2015,11,0),(143,2015,12,0),(144,2015,1,0),(144,2015,2,0),(144,2015,3,0),(144,2015,4,0),(144,2015,5,0),(144,2015,6,0),(144,2015,7,0),(144,2015,8,0),(144,2015,9,0),(144,2015,10,1),(144,2015,11,0),(144,2015,12,1),(145,2015,1,0),(145,2015,2,0),(145,2015,3,0),(145,2015,4,0),(145,2015,5,0),(145,2015,6,0),(145,2015,7,0),(145,2015,8,0),(145,2015,9,0),(145,2015,10,0),(145,2015,11,0),(145,2015,12,0),(146,2015,1,0),(146,2015,2,0),(146,2015,3,0),(146,2015,4,0),(146,2015,5,0),(146,2015,6,0),(146,2015,7,0),(146,2015,8,0),(146,2015,9,0),(146,2015,10,0),(146,2015,11,0),(146,2015,12,0),(147,2015,1,0),(147,2015,2,0),(147,2015,3,0),(147,2015,4,0),(147,2015,5,0),(147,2015,6,0),(147,2015,7,0),(147,2015,8,0),(147,2015,9,0),(147,2015,10,0),(147,2015,11,0),(147,2015,12,0),(148,2015,1,0),(148,2015,2,0),(148,2015,3,0),(148,2015,4,0),(148,2015,5,0),(148,2015,6,0),(148,2015,7,0),(148,2015,8,0),(148,2015,9,0),(148,2015,10,0),(148,2015,11,0),(148,2015,12,0),(149,2015,1,0),(149,2015,2,0),(149,2015,3,0),(149,2015,4,1),(149,2015,5,0),(149,2015,6,0),(149,2015,7,0),(149,2015,8,0),(149,2015,9,0),(149,2015,10,0),(149,2015,11,0),(149,2015,12,1),(150,2015,1,0),(150,2015,2,0),(150,2015,3,0),(150,2015,4,0),(150,2015,5,0),(150,2015,6,0),(150,2015,7,0),(150,2015,8,0),(150,2015,9,0),(150,2015,10,0),(150,2015,11,0),(150,2015,12,0),(151,2015,1,0),(151,2015,2,0),(151,2015,3,0),(151,2015,4,0),(151,2015,5,0),(151,2015,6,0),(151,2015,7,0),(151,2015,8,1),(151,2015,9,0),(151,2015,10,0),(151,2015,11,0),(151,2015,12,0),(152,2015,1,0),(152,2015,2,0),(152,2015,3,0),(152,2015,4,0),(152,2015,5,0),(152,2015,6,0),(152,2015,7,0),(152,2015,8,0),(152,2015,9,0),(152,2015,10,0),(152,2015,11,0),(152,2015,12,1),(153,2015,1,0),(153,2015,2,0),(153,2015,3,0),(153,2015,4,0),(153,2015,5,0),(153,2015,6,0),(153,2015,7,0),(153,2015,8,0),(153,2015,9,0),(153,2015,10,0),(153,2015,11,0),(153,2015,12,0),(154,2015,1,1),(154,2015,2,0),(154,2015,3,0),(154,2015,4,0),(154,2015,5,0),(154,2015,6,0),(154,2015,7,0),(154,2015,8,0),(154,2015,9,0),(154,2015,10,0),(154,2015,11,0),(154,2015,12,0),(155,2015,1,0),(155,2015,2,0),(155,2015,3,0),(155,2015,4,0),(155,2015,5,0),(155,2015,6,0),(155,2015,7,0),(155,2015,8,0),(155,2015,9,0),(155,2015,10,0),(155,2015,11,0),(155,2015,12,0),(156,2015,1,0),(156,2015,2,0),(156,2015,3,1),(156,2015,4,0),(156,2015,5,0),(156,2015,6,0),(156,2015,7,0),(156,2015,8,0),(156,2015,9,0),(156,2015,10,0),(156,2015,11,0),(156,2015,12,0),(158,2015,1,1),(158,2015,2,0),(158,2015,3,0),(158,2015,4,0),(158,2015,5,0),(158,2015,6,0),(158,2015,7,0),(158,2015,8,0),(158,2015,9,0),(158,2015,10,0),(158,2015,11,0),(158,2015,12,0),(159,2015,1,0),(159,2015,2,0),(159,2015,3,0),(159,2015,4,0),(159,2015,5,1),(159,2015,6,0),(159,2015,7,0),(159,2015,8,0),(159,2015,9,0),(159,2015,10,0),(159,2015,11,0),(159,2015,12,0),(160,2015,1,0),(160,2015,2,0),(160,2015,3,0),(160,2015,4,0),(160,2015,5,0),(160,2015,6,1),(160,2015,7,0),(160,2015,8,0),(160,2015,9,0),(160,2015,10,0),(160,2015,11,0),(160,2015,12,0),(161,2015,9,0),(161,2015,10,0),(161,2015,11,0),(161,2015,12,0),(162,2015,1,0),(162,2015,2,0),(162,2015,3,0),(162,2015,4,0),(162,2015,5,0),(162,2015,6,0),(162,2015,7,0),(162,2015,8,0),(162,2015,9,0),(162,2015,10,0),(162,2015,11,0),(162,2015,12,0),(163,2015,1,0),(163,2015,2,0),(163,2015,3,0),(163,2015,4,0),(163,2015,5,0),(163,2015,6,0),(163,2015,7,0),(163,2015,8,0),(163,2015,9,0),(163,2015,10,0),(163,2015,11,0),(163,2015,12,0),(164,2015,1,0),(164,2015,2,0),(164,2015,3,1),(164,2015,4,0),(164,2015,5,0),(164,2015,6,0),(164,2015,7,0),(164,2015,8,0),(164,2015,9,0),(164,2015,10,0),(164,2015,11,0),(164,2015,12,0),(165,2015,1,0),(165,2015,2,0),(165,2015,3,0),(165,2015,4,0),(165,2015,5,0),(165,2015,6,0),(165,2015,7,0),(165,2015,8,0),(165,2015,9,0),(165,2015,10,0),(165,2015,11,0),(165,2015,12,0),(166,2015,1,0),(166,2015,2,1),(166,2015,3,0),(166,2015,4,0),(166,2015,5,0),(166,2015,6,0),(166,2015,7,0),(166,2015,8,0),(166,2015,9,0),(166,2015,10,0),(166,2015,11,0),(166,2015,12,0),(167,2015,1,0),(167,2015,2,0),(167,2015,3,0),(167,2015,4,0),(167,2015,5,0),(167,2015,6,0),(167,2015,7,0),(167,2015,8,0),(167,2015,9,0),(167,2015,10,0),(167,2015,11,0),(167,2015,12,0),(168,2015,1,0),(168,2015,2,0),(168,2015,3,0),(168,2015,4,0),(168,2015,5,0),(168,2015,6,0),(168,2015,7,0),(168,2015,8,0),(168,2015,9,0),(168,2015,10,0),(168,2015,11,0),(168,2015,12,0),(169,2015,1,0),(169,2015,2,0),(169,2015,3,0),(169,2015,4,0),(169,2015,5,0),(169,2015,6,0),(169,2015,7,0),(169,2015,8,0),(169,2015,9,0),(169,2015,10,0),(169,2015,11,1),(169,2015,12,0),(171,2015,1,0),(171,2015,2,0),(171,2015,3,0),(171,2015,4,0),(171,2015,5,0),(171,2015,6,0),(171,2015,7,1),(171,2015,8,0),(171,2015,9,0),(171,2015,10,0),(171,2015,11,0),(171,2015,12,0),(172,2015,1,1),(172,2015,2,0),(172,2015,3,0),(172,2015,4,0),(172,2015,5,0),(172,2015,6,0),(172,2015,7,0),(172,2015,8,0),(172,2015,9,1),(172,2015,10,0),(172,2015,11,0),(172,2015,12,0),(173,2015,1,0),(173,2015,2,0),(173,2015,3,0),(173,2015,4,0),(173,2015,5,0),(173,2015,6,0),(173,2015,7,0),(173,2015,8,0),(173,2015,9,0),(173,2015,10,0),(173,2015,11,0),(173,2015,12,0),(174,2015,1,0),(174,2015,2,0),(174,2015,3,1),(174,2015,4,0),(174,2015,5,0),(174,2015,6,0),(174,2015,7,0),(174,2015,8,0),(174,2015,9,0),(174,2015,10,0),(174,2015,11,0),(174,2015,12,0),(175,2015,1,0),(175,2015,2,0),(175,2015,3,0),(175,2015,4,0),(175,2015,5,0),(175,2015,6,0),(175,2015,7,0),(175,2015,8,0),(175,2015,9,0),(175,2015,10,0),(175,2015,11,0),(175,2015,12,0),(176,2015,1,0),(176,2015,2,0),(176,2015,3,0),(176,2015,4,0),(176,2015,5,0),(176,2015,6,0),(176,2015,7,0),(176,2015,8,0),(176,2015,9,0),(176,2015,10,0),(176,2015,11,0),(176,2015,12,0),(178,2015,1,0),(178,2015,2,0),(178,2015,3,0),(178,2015,4,0),(178,2015,5,0),(178,2015,6,1),(178,2015,7,0),(178,2015,8,0),(178,2015,9,0),(178,2015,10,0),(178,2015,11,0),(178,2015,12,0),(179,2015,1,0),(179,2015,2,0),(179,2015,3,0),(179,2015,4,0),(179,2015,5,0),(179,2015,6,0),(179,2015,7,0),(179,2015,8,0),(179,2015,9,0),(179,2015,10,0),(179,2015,11,0),(179,2015,12,0),(180,2015,1,0),(180,2015,2,0),(180,2015,3,0),(180,2015,4,0),(180,2015,5,0),(180,2015,6,0),(180,2015,7,0),(180,2015,8,0),(180,2015,9,0),(180,2015,10,0),(180,2015,11,0),(180,2015,12,0),(181,2015,1,0),(181,2015,2,0),(181,2015,3,0),(181,2015,4,0),(181,2015,5,0),(181,2015,6,0),(181,2015,7,0),(181,2015,8,1),(181,2015,9,0),(181,2015,10,0),(181,2015,11,0),(181,2015,12,0),(182,2015,1,0),(182,2015,2,0),(182,2015,3,0),(182,2015,4,0),(182,2015,5,0),(182,2015,6,0),(182,2015,7,0),(182,2015,8,0),(182,2015,9,0),(182,2015,10,0),(182,2015,11,0),(182,2015,12,0),(184,2015,1,0),(184,2015,2,0),(184,2015,3,0),(184,2015,4,0),(184,2015,5,0),(184,2015,6,0),(184,2015,7,0),(184,2015,8,0),(184,2015,9,0),(184,2015,10,0),(184,2015,11,0),(184,2015,12,0),(185,2015,1,0),(185,2015,2,1),(185,2015,3,0),(185,2015,4,0),(185,2015,5,0),(185,2015,6,0),(185,2015,7,0),(185,2015,8,0),(185,2015,9,0),(185,2015,10,0),(185,2015,11,0),(185,2015,12,0),(186,2015,1,0),(186,2015,2,0),(186,2015,3,0),(186,2015,4,0),(186,2015,5,0),(186,2015,6,0),(186,2015,7,0),(186,2015,8,0),(186,2015,9,0),(186,2015,10,0),(186,2015,11,0),(186,2015,12,0),(187,2015,1,0),(187,2015,2,0),(187,2015,3,0),(187,2015,4,0),(187,2015,5,0),(187,2015,6,0),(187,2015,7,0),(187,2015,8,0),(187,2015,9,0),(187,2015,10,0),(187,2015,11,0),(187,2015,12,0),(188,2015,1,0),(188,2015,2,0),(188,2015,3,0),(188,2015,4,0),(188,2015,5,0),(188,2015,6,0),(188,2015,7,0),(188,2015,8,0),(188,2015,9,0),(188,2015,10,0),(188,2015,11,0),(188,2015,12,0),(189,2015,1,0),(189,2015,2,0),(189,2015,3,0),(189,2015,4,0),(189,2015,5,0),(189,2015,6,0),(189,2015,7,0),(189,2015,8,0),(189,2015,9,0),(189,2015,10,0),(189,2015,11,0),(189,2015,12,1),(190,2015,1,0),(190,2015,2,0),(190,2015,3,0),(190,2015,4,0),(190,2015,5,0),(190,2015,6,0),(190,2015,7,0),(190,2015,8,0),(190,2015,9,0),(190,2015,10,0),(190,2015,11,1),(190,2015,12,0),(191,2015,1,0),(191,2015,2,0),(191,2015,3,0),(191,2015,4,0),(191,2015,5,0),(191,2015,6,0),(191,2015,7,0),(191,2015,8,0),(191,2015,9,0),(191,2015,10,0),(191,2015,11,0),(191,2015,12,0),(192,2015,1,0),(192,2015,2,0),(192,2015,3,0),(192,2015,4,0),(192,2015,5,0),(192,2015,6,0),(192,2015,7,0),(192,2015,8,0),(192,2015,9,0),(192,2015,10,0),(192,2015,11,1),(192,2015,12,0),(193,2015,1,0),(193,2015,2,1),(193,2015,3,0),(193,2015,4,0),(193,2015,5,0),(193,2015,6,0),(193,2015,7,0),(193,2015,8,0),(193,2015,9,0),(193,2015,10,0),(193,2015,11,0),(193,2015,12,0),(194,2015,1,0),(194,2015,2,0),(194,2015,3,0),(194,2015,4,0),(194,2015,5,0),(194,2015,6,0),(194,2015,7,0),(194,2015,8,0),(194,2015,9,0),(194,2015,10,0),(194,2015,11,0),(194,2015,12,0),(195,2015,1,0),(195,2015,2,0),(195,2015,3,1),(195,2015,4,0),(195,2015,5,0),(195,2015,6,0),(195,2015,7,0),(195,2015,8,0),(195,2015,9,0),(195,2015,10,0),(195,2015,11,0),(195,2015,12,0),(196,2015,1,0),(196,2015,2,0),(196,2015,3,0),(196,2015,4,0),(196,2015,5,0),(196,2015,6,0),(196,2015,7,0),(196,2015,8,0),(196,2015,9,0),(196,2015,10,0),(196,2015,11,0),(196,2015,12,0),(197,2015,1,0),(197,2015,2,0),(197,2015,3,0),(197,2015,4,0),(197,2015,5,0),(197,2015,6,0),(197,2015,7,1),(197,2015,8,0),(197,2015,9,0),(197,2015,10,0),(197,2015,11,0),(197,2015,12,0),(198,2015,1,1),(198,2015,2,0),(198,2015,3,0),(198,2015,4,0),(198,2015,5,0),(198,2015,6,0),(198,2015,7,0),(198,2015,8,0),(198,2015,9,0),(198,2015,10,0),(198,2015,11,0),(198,2015,12,0),(199,2015,1,0),(199,2015,2,0),(199,2015,3,0),(199,2015,4,0),(199,2015,5,0),(199,2015,6,0),(199,2015,7,0),(199,2015,8,0),(199,2015,9,0),(199,2015,10,0),(199,2015,11,0),(199,2015,12,0),(200,2015,1,0),(200,2015,2,0),(200,2015,3,0),(200,2015,4,0),(200,2015,5,0),(200,2015,6,0),(200,2015,7,0),(200,2015,8,0),(200,2015,9,0),(200,2015,10,0),(200,2015,11,0),(200,2015,12,0),(201,2015,1,0),(201,2015,2,0),(201,2015,3,0),(201,2015,4,0),(201,2015,5,0),(201,2015,6,0),(201,2015,7,0),(201,2015,8,0),(201,2015,9,0),(201,2015,10,0),(201,2015,11,0),(201,2015,12,0),(202,2015,1,0),(202,2015,2,0),(202,2015,3,0),(202,2015,4,0),(202,2015,5,0),(202,2015,6,0),(202,2015,7,0),(202,2015,8,0),(202,2015,9,0),(202,2015,10,0),(202,2015,11,0),(202,2015,12,0),(203,2015,1,0),(203,2015,2,0),(203,2015,3,0),(203,2015,4,0),(203,2015,5,0),(203,2015,6,0),(203,2015,7,0),(203,2015,8,0),(203,2015,9,0),(203,2015,10,0),(203,2015,11,0),(203,2015,12,0),(204,2015,1,0),(204,2015,2,0),(204,2015,3,0),(204,2015,4,0),(204,2015,5,0),(204,2015,6,0),(204,2015,7,0),(204,2015,8,0),(204,2015,9,0),(204,2015,10,0),(204,2015,11,0),(204,2015,12,0),(205,2015,1,0),(205,2015,2,0),(205,2015,3,0),(205,2015,4,0),(205,2015,5,0),(205,2015,6,0),(205,2015,7,0),(205,2015,8,0),(205,2015,9,0),(205,2015,10,0),(205,2015,11,0),(205,2015,12,0),(206,2015,1,0),(206,2015,2,0),(206,2015,3,1),(206,2015,4,0),(206,2015,5,0),(206,2015,6,0),(206,2015,7,0),(206,2015,8,0),(206,2015,9,0),(206,2015,10,0),(206,2015,11,0),(206,2015,12,0),(207,2015,1,0),(207,2015,2,0),(207,2015,3,0),(207,2015,4,0),(207,2015,5,0),(207,2015,6,0),(207,2015,7,0),(207,2015,8,0),(207,2015,9,0),(207,2015,10,0),(207,2015,11,0),(207,2015,12,0),(208,2015,1,0),(208,2015,2,0),(208,2015,3,0),(208,2015,4,0),(208,2015,5,1),(208,2015,6,0),(208,2015,7,0),(208,2015,8,0),(208,2015,9,0),(208,2015,10,0),(208,2015,11,0),(208,2015,12,0),(209,2015,1,0),(209,2015,2,0),(209,2015,3,0),(209,2015,4,0),(209,2015,5,0),(209,2015,6,0),(209,2015,7,0),(209,2015,8,0),(209,2015,9,0),(209,2015,10,1),(209,2015,11,0),(209,2015,12,0),(210,2015,1,0),(210,2015,2,0),(210,2015,3,0),(210,2015,4,0),(210,2015,5,0),(210,2015,6,0),(210,2015,7,0),(210,2015,8,1),(210,2015,9,0),(210,2015,10,0),(210,2015,11,0),(210,2015,12,0),(211,2015,1,0),(211,2015,2,0),(211,2015,3,0),(211,2015,4,0),(211,2015,5,0),(211,2015,6,0),(211,2015,7,0),(211,2015,8,0),(211,2015,9,0),(211,2015,10,0),(211,2015,11,0),(211,2015,12,0),(212,2015,1,0),(212,2015,2,0),(212,2015,3,0),(212,2015,4,0),(212,2015,5,0),(212,2015,6,0),(212,2015,7,0),(212,2015,8,0),(212,2015,9,0),(212,2015,10,0),(212,2015,11,0),(212,2015,12,0),(213,2015,1,0),(213,2015,2,0),(213,2015,3,0),(213,2015,4,1),(213,2015,5,0),(213,2015,6,1),(213,2015,7,0),(213,2015,8,0),(213,2015,9,0),(213,2015,10,0),(213,2015,11,0),(213,2015,12,0),(214,2015,1,0),(214,2015,2,0),(214,2015,3,1),(214,2015,4,0),(214,2015,5,0),(214,2015,6,0),(214,2015,7,0),(214,2015,8,0),(214,2015,9,0),(214,2015,10,1),(214,2015,11,0),(214,2015,12,0);
/*!40000 ALTER TABLE `premie` ENABLE KEYS */;
UNLOCK TABLES;

--
-- Table structure for table `projekty`
--

DROP TABLE IF EXISTS `projekty`;
/*!40101 SET @saved_cs_client     = @@character_set_client */;
/*!40101 SET character_set_client = utf8 */;
CREATE TABLE `projekty` (
  `IdProjektu` int(11) NOT NULL,
  `NazwaProjektu` varchar(50) NOT NULL,
  `IdKategori` varchar(50) NOT NULL,
  `Opis` varchar(50) DEFAULT NULL,
  `DataRozpoczecia` datetime NOT NULL,
  `DataZakonczenia` datetime DEFAULT NULL,
  PRIMARY KEY (`IdProjektu`)
) ENGINE=MyISAM DEFAULT CHARSET=utf8;
/*!40101 SET character_set_client = @saved_cs_client */;

--
-- Dumping data for table `projekty`
--

LOCK TABLES `projekty` WRITE;
/*!40000 ALTER TABLE `projekty` DISABLE KEYS */;
INSERT INTO `projekty` VALUES (1,'Audyt wewnętrzny','A','Kontrola Oddziału w Szczecinie','2014-01-10 00:00:00','2014-01-23 00:00:00'),(2,'Audyt wewnętrzny','A','Kontrola Oddziału w Krakowie','2015-02-05 00:00:00','2015-02-10 00:00:00'),(3,'Audyt wewnętrzny','A','Kontrola Oddziału we Wrocławiu','2016-03-01 00:00:00','2016-04-02 00:00:00'),(4,'Inwentura roczna 2004','IN','Spis towarów','2015-01-03 00:00:00','2015-01-08 00:00:00'),(5,'Boże Narodzenie 2014','P','Akcja świąteczna','2014-11-05 00:00:00','2014-12-10 00:00:00'),(6,'Poznajmy się','I','Wyjazd do ??? w dniach ??? z okazji','2016-01-11 00:00:00',NULL),(7,'Zacieśniajmy stosunki','I','Spotkanie w ???? w dniu ???','2015-05-01 00:00:00',NULL),(8,'Zacieśniajmy stosunki','I','Wyjazd na narty','2013-02-10 00:00:00','2013-02-16 00:00:00'),(9,'MTP w Poznaniu','T','Organizacja stanowiska ','2015-06-10 00:00:00',NULL),(10,'Targi w Lipsku','T','Organizacja stanowiska','2015-11-04 00:00:00',NULL),(11,'Targi w Hanowerze','T','Organizowanie stanowiska i promocja firmy','2014-11-12 00:00:00','2014-11-22 00:00:00'),(12,'Brzuszek','Ch','Przekazanie funduszy akcji charytatywnej \"Brzuszek','2015-01-05 00:00:00',NULL),(13,'Wiosenne porządki','WY','Wyprzedaż towarów','2015-02-03 00:00:00','2015-02-21 00:00:00'),(14,'Letnie porządki','WY','Wyprzedaż towarów','2005-07-10 00:00:00',NULL),(15,'Rynek Wschodni','R','Zdobywanie nowego rynku :Ukraina','2015-10-01 00:00:00',NULL),(16,'Rynek Skandynawia','R','Kontakty na nowych rynkach: Norwegia i Szwecja','2015-06-01 00:00:00',NULL),(17,'Rynek Daleki Wschód','R','Nawiązanie kontaktów z Dalekim Wschodem','2014-02-23 00:00:00',NULL);
/*!40000 ALTER TABLE `projekty` ENABLE KEYS */;
UNLOCK TABLES;

--
-- Table structure for table `projekty_bak`
--

DROP TABLE IF EXISTS `projekty_bak`;
/*!40101 SET @saved_cs_client     = @@character_set_client */;
/*!40101 SET character_set_client = utf8 */;
CREATE TABLE `projekty_bak` (
  `IdProjektu` int(11) NOT NULL,
  `NazwaProjektu` varchar(50) NOT NULL,
  `IdKategori` varchar(50) NOT NULL,
  `Opis` varchar(50) DEFAULT NULL,
  `DataRozpoczecia` datetime NOT NULL,
  `DataZakonczenia` datetime DEFAULT NULL,
  PRIMARY KEY (`IdProjektu`)
) ENGINE=MyISAM DEFAULT CHARSET=utf8;
/*!40101 SET character_set_client = @saved_cs_client */;

--
-- Dumping data for table `projekty_bak`
--

LOCK TABLES `projekty_bak` WRITE;
/*!40000 ALTER TABLE `projekty_bak` DISABLE KEYS */;
INSERT INTO `projekty_bak` VALUES (1,'Audyt wewnętrzny','A','Kontrola Oddziału w Szczecinie','2014-01-10 00:00:00','2014-01-23 00:00:00'),(2,'Audyt wewnętrzny','A','Kontrola Oddziału w Krakowie','2015-02-05 00:00:00','2015-02-10 00:00:00'),(3,'Audyt wewnętrzny','A','Kontrola Oddziału we Wrocławiu','2016-03-01 00:00:00','2016-04-02 00:00:00'),(4,'Inwentura roczna 2004','IN','Spis towarów','2015-01-03 00:00:00','2015-01-08 00:00:00'),(5,'Boże Narodzenie 2014','P','Akcja świąteczna','2014-11-05 00:00:00','2014-12-10 00:00:00'),(6,'Poznajmy się','I','Wyjazd do ??? w dniach ??? z okazji','2016-01-11 00:00:00',NULL),(7,'Zacieśniajmy stosunki','I','Spotkanie w ???? w dniu ???','2015-05-01 00:00:00',NULL),(8,'Zacieśniajmy stosunki','I','Wyjazd na narty','2013-02-10 00:00:00','2013-02-16 00:00:00'),(9,'MTP w Poznaniu','T','Organizacja stanowiska ','2015-06-10 00:00:00',NULL),(10,'Targi w Lipsku','T','Organizacja stanowiska','2015-11-04 00:00:00',NULL),(11,'Targi w Hanowerze','T','Organizowanie stanowiska i promocja firmy','2014-11-12 00:00:00','2014-11-22 00:00:00'),(12,'Brzuszek','Ch','Przekazanie funduszy akcji charytatywnej \"Brzuszek','2015-01-05 00:00:00',NULL),(13,'Wiosenne porządki','WY','Wyprzedaż towarów','2015-02-03 00:00:00','2015-02-21 00:00:00'),(14,'Letnie porządki','WY','Wyprzedaż towarów','2005-07-10 00:00:00',NULL),(15,'Rynek Wschodni','R','Zdobywanie nowego rynku :Ukraina','2015-10-01 00:00:00',NULL),(16,'Rynek Skandynawia','R','Kontakty na nowych rynkach: Norwegia i Szwecja','2015-06-01 00:00:00',NULL),(17,'Rynek Daleki Wschód','R','Nawiązanie kontaktów z Dalekim Wschodem','2014-02-23 00:00:00',NULL);
/*!40000 ALTER TABLE `projekty_bak` ENABLE KEYS */;
UNLOCK TABLES;

--
-- Table structure for table `projektywykonanie`
--

DROP TABLE IF EXISTS `projektywykonanie`;
/*!40101 SET @saved_cs_client     = @@character_set_client */;
/*!40101 SET character_set_client = utf8 */;
CREATE TABLE `projektywykonanie` (
  `IdProjektu` int(11) NOT NULL,
  `IdPracownika` int(11) NOT NULL,
  PRIMARY KEY (`IdProjektu`,`IdPracownika`)
) ENGINE=MyISAM DEFAULT CHARSET=utf8;
/*!40101 SET character_set_client = @saved_cs_client */;

--
-- Dumping data for table `projektywykonanie`
--

LOCK TABLES `projektywykonanie` WRITE;
/*!40000 ALTER TABLE `projektywykonanie` DISABLE KEYS */;
INSERT INTO `projektywykonanie` VALUES (1,142),(1,143),(1,145),(1,163),(1,165),(1,166),(2,65),(2,66),(2,163),(2,165),(2,166),(3,141),(3,142),(3,165),(3,166),(4,13),(4,15),(4,19),(4,69),(4,74),(4,102),(4,103),(4,108),(4,112),(4,167),(4,188),(4,189),(4,190),(4,194),(4,195),(5,1),(5,3),(5,5),(5,11),(5,12),(6,1),(6,6),(6,85),(6,104),(6,170),(6,207),(7,1),(7,127),(7,207),(7,208),(8,127),(8,156),(9,1),(9,7),(9,12),(9,127),(9,156),(9,158),(9,207),(9,208),(10,12),(10,85),(10,127),(10,156),(10,158),(10,207),(11,156),(11,157),(11,158),(11,207),(11,208),(12,9),(12,85),(12,94),(12,170),(13,13),(13,15),(13,19),(13,20),(13,22),(13,102),(13,206),(14,194),(14,196),(15,174),(15,176),(16,80),(16,105),(16,106),(17,174),(17,176);
/*!40000 ALTER TABLE `projektywykonanie` ENABLE KEYS */;
UNLOCK TABLES;

--
-- Table structure for table `stanowiska`
--

DROP TABLE IF EXISTS `stanowiska`;
/*!40101 SET @saved_cs_client     = @@character_set_client */;
/*!40101 SET character_set_client = utf8 */;
CREATE TABLE `stanowiska` (
  `IdStanowiska` varchar(2) NOT NULL,
  `Stanowisko` varchar(50) DEFAULT NULL,
  `Pensja` decimal(19,4) NOT NULL,
  `StawkaZaNadgodzine` decimal(19,4) DEFAULT NULL,
  PRIMARY KEY (`IdStanowiska`)
) ENGINE=MyISAM DEFAULT CHARSET=utf8;
/*!40101 SET character_set_client = @saved_cs_client */;

--
-- Dumping data for table `stanowiska`
--

LOCK TABLES `stanowiska` WRITE;
/*!40000 ALTER TABLE `stanowiska` DISABLE KEYS */;
INSERT INTO `stanowiska` VALUES ('A ','asystent',4200.0000,20.0000),('D ','dyrektor',7600.0000,170.0000),('H ','handlowiec',4150.0000,25.0000),('I ','informatyk',4200.0000,35.0000),('K ','kierownik',4500.0000,30.0000),('KI','kierowca',2200.0000,15.0000),('KS','księgowa',3750.0000,25.0000),('M ','magazynier',3000.0000,20.0000),('O ','ochroniarz',2200.0000,515.0000),('R ','recepcjonistka',2100.0000,15.0000),('S ','sekretarka',2800.0000,20.0000),('SP','sprzątaczka',2100.0000,15.0000);
/*!40000 ALTER TABLE `stanowiska` ENABLE KEYS */;
UNLOCK TABLES;
/*!40103 SET TIME_ZONE=@OLD_TIME_ZONE */;

/*!40101 SET SQL_MODE=@OLD_SQL_MODE */;
/*!40014 SET FOREIGN_KEY_CHECKS=@OLD_FOREIGN_KEY_CHECKS */;
/*!40014 SET UNIQUE_CHECKS=@OLD_UNIQUE_CHECKS */;
/*!40101 SET CHARACTER_SET_CLIENT=@OLD_CHARACTER_SET_CLIENT */;
/*!40101 SET CHARACTER_SET_RESULTS=@OLD_CHARACTER_SET_RESULTS */;
/*!40101 SET COLLATION_CONNECTION=@OLD_COLLATION_CONNECTION */;
/*!40111 SET SQL_NOTES=@OLD_SQL_NOTES */;

-- Dump completed on 2020-01-07 10:34:43
